tweetid,sentiment
169760,2
35326,1
224985,1
476263,-1
872928,1
75639,1
211536,1
569434,1
315368,2
591733,1
91983,-1
67249,2
143459,2
663535,0
20476,0
815297,0
274098,1
30045,2
681487,0
708966,2
393689,2
186705,2
233977,2
525794,1
863649,1
315964,0
588985,0
669979,0
137059,2
556915,0
951973,1
72939,0
205796,1
478581,-1
453375,2
555551,1
219030,0
546209,2
416919,1
433824,2
621526,2
616108,2
70943,2
153248,0
854719,2
616444,1
118418,2
846132,-1
443106,-1
758958,1
376412,2
667731,0
222107,2
349545,1
284026,2
564727,2
522979,-1
460970,0
371750,-1
251299,0
485211,1
502976,2
623282,0
217605,1
225330,-1
58854,-1
723671,2
366409,-1
704565,1
655925,0
717618,2
922449,2
729885,2
599133,2
89885,0
249039,0
440750,1
18663,2
314549,2
643414,1
61835,2
659073,1
178597,1
152298,0
581943,2
781913,-1
336886,1
624852,1
655116,2
5591,1
731620,0
872882,2
320393,1
353463,2
816508,2
636325,-1
53058,2
725589,2
693559,0
66255,2
218797,0
307092,0
188557,0
137392,-1
597086,0
96006,-1
330509,2
78639,2
536231,1
304814,1
553696,1
455898,2
745466,2
846719,2
722710,0
989172,0
492079,1
315869,1
32675,0
959684,1
641938,2
933443,2
458401,-1
554994,1
461467,-1
902353,2
178794,-1
387356,-1
380276,1
824355,2
685606,2
85488,-1
50608,1
447977,-1
943930,2
183083,1
359626,1
810128,1
380913,0
516209,1
993538,1
594772,1
22428,2
991876,0
504172,-1
283272,2
914599,0
752129,1
701957,2
858489,1
221704,1
409406,0
468372,-1
818509,1
204729,1
394896,0
397593,1
465474,2
450344,2
502719,2
816499,2
291002,1
301225,2
402773,0
81233,1
642569,1
900041,-1
67900,-1
237131,0
311030,0
975455,2
69232,1
156024,2
268543,2
586693,0
709157,1
582003,2
689136,-1
953619,0
971710,0
809619,2
595597,-1
274499,2
771063,2
597739,1
110053,0
723442,0
881554,0
704923,2
822018,1
505322,2
120776,1
404757,1
811053,-1
317696,-1
734766,1
841196,1
400682,0
649511,0
740566,1
798359,1
861578,2
5417,2
609894,2
174874,2
227482,2
316886,2
112798,2
44507,2
444423,-1
878768,2
951095,1
970445,1
208227,1
545402,1
498559,1
454769,2
490905,1
343981,0
891649,1
794296,2
669149,-1
104997,2
54711,0
756770,2
632633,2
882503,1
604089,2
37591,-1
304290,-1
167356,0
398680,1
268980,-1
485450,1
246743,1
83632,-1
804653,2
614272,1
699619,1
128361,2
617614,1
756863,2
550624,2
971913,-1
597102,2
468901,2
512603,0
869,0
135515,0
471002,-1
76054,1
835455,0
593722,1
209903,0
311687,2
38624,1
140169,-1
50739,1
134179,0
368885,1
955073,2
642519,0
849811,2
377434,0
61946,0
128149,1
545779,2
145812,1
839220,1
23630,2
631635,2
659284,0
636800,0
246233,-1
224961,2
227170,1
24500,-1
444613,1
173797,1
183700,1
305251,2
487336,0
521403,2
741971,1
171732,1
354162,2
572875,2
337961,2
39327,1
666488,1
686787,-1
248289,1
644357,2
106812,2
492300,1
929522,2
827492,0
92888,-1
748860,1
544547,1
970736,-1
805808,1
320551,0
210944,1
109631,2
251292,0
170364,0
948426,2
780776,1
693604,1
799998,-1
373943,0
593149,-1
264289,2
479344,-1
820909,1
492817,1
831733,1
405413,0
685176,2
982870,2
92655,-1
929710,2
365298,1
597644,1
908494,2
532450,1
431470,2
261786,1
126953,2
157454,2
911863,2
968491,1
341684,0
868000,1
937870,2
196243,2
749947,0
10201,1
861465,0
418775,2
561942,1
61831,2
224428,2
470738,0
694377,0
557591,0
504856,1
988980,2
811937,0
78955,2
166783,2
2520,0
268418,1
911873,2
380946,0
841067,-1
760341,0
872864,1
833511,0
795400,-1
947288,1
97754,0
848402,0
77036,2
280663,0
654324,1
105628,-1
227665,2
169839,2
334216,-1
502105,-1
174279,2
193681,-1
457324,1
562231,1
254480,1
432635,0
916814,0
217862,0
454694,1
512554,1
249736,-1
979904,2
841942,-1
141852,2
279014,2
511552,1
502057,1
822243,0
586976,2
870627,1
809260,0
258979,-1
342572,1
833715,2
63205,0
327,1
286773,2
831328,2
265516,0
988076,2
92963,1
813089,1
372840,2
460869,-1
700900,1
54421,-1
83811,1
932229,2
14731,2
416245,0
91717,1
37782,0
168950,0
791767,2
612474,1
863569,1
833620,0
831050,-1
327186,2
70954,-1
744906,-1
410805,0
321290,2
560166,0
199999,-1
520958,-1
486093,-1
433768,-1
170942,1
97769,2
574580,-1
427983,0
536786,2
64572,-1
932658,1
875904,2
388184,0
448406,0
280094,1
196585,1
297123,1
583405,1
749358,2
8540,2
92130,0
682459,0
493774,1
81514,-1
937131,2
683822,1
181932,1
185061,-1
718905,0
467768,1
50360,1
37282,-1
324725,1
587613,1
759085,2
995304,0
62430,-1
959472,2
134816,-1
443799,1
84144,2
626595,1
382192,2
249680,1
209100,2
505060,-1
510212,0
454150,1
900706,2
355447,1
415557,1
431394,0
796461,2
551013,-1
71926,2
260753,1
883406,0
973790,2
673020,1
573493,2
850799,1
596499,0
430720,0
970612,1
645141,0
122672,0
572212,1
590281,2
185082,-1
643999,2
276142,-1
522428,-1
242869,-1
859835,1
179238,2
830861,1
659715,1
742214,0
44768,2
156753,2
689726,0
659825,0
805236,-1
484743,2
843791,1
401342,1
268165,2
450971,0
969588,2
493909,0
775367,1
102955,2
356595,2
860992,2
478186,2
235851,-1
859554,1
383555,0
568803,-1
522415,0
493050,2
568528,-1
371027,2
554560,2
969599,2
70097,1
898167,1
483103,2
773089,1
436540,2
214657,1
824653,2
132616,0
962166,2
357327,1
183595,2
338190,0
821753,1
782634,2
355771,2
102889,0
335544,2
417438,2
99418,1
774033,-1
151834,0
573075,2
675187,0
488287,2
317596,1
848773,0
177318,-1
743728,1
166017,1
668192,1
242646,2
572824,1
516374,0
569974,2
368987,2
35989,0
439267,2
425036,1
978741,-1
161511,2
158819,-1
225262,1
398562,0
940439,-1
657384,2
348631,2
950221,1
390207,0
633050,0
45603,1
892219,2
763551,-1
219247,-1
78219,2
106376,-1
664990,1
61204,-1
444521,2
162744,1
10394,0
107336,2
400960,0
157258,2
762553,1
398197,0
513701,-1
450710,-1
192494,0
376697,2
466375,0
600809,2
337306,1
597597,0
282282,1
619747,2
848426,0
468720,1
954154,0
544640,2
192358,2
768797,2
817583,0
864589,0
104220,2
725297,-1
973859,0
942269,0
145192,2
965827,2
861437,0
296887,-1
817495,1
273994,0
799474,0
177872,1
532392,0
770417,1
706812,2
193396,1
863034,2
967152,1
948038,2
608126,2
412897,0
970466,2
604868,2
94532,1
820173,1
833762,2
604371,-1
961064,1
419528,2
79982,0
564369,1
489017,1
887262,2
402712,-1
963864,2
854765,0
331759,1
26332,1
238943,-1
431614,2
329434,1
680680,0
39578,-1
670432,1
371166,0
686203,2
118985,-1
263823,0
275604,2
390449,-1
553573,2
159171,2
172630,2
867879,2
555667,2
107607,2
671813,1
29467,2
424298,2
247885,-1
66440,2
794065,0
383354,0
73974,0
597362,2
873587,1
755011,2
736998,0
117248,1
692018,1
813376,1
834684,2
546314,2
876985,0
207998,1
110340,0
715656,0
88611,2
716533,1
269830,1
661339,2
96822,-1
101833,2
548873,0
432375,2
963943,1
105738,1
814952,2
933283,1
476266,2
713154,1
729178,2
739461,1
46459,-1
564711,1
9295,2
89381,2
997108,2
434160,-1
632113,0
349480,1
981685,-1
891296,2
795819,-1
22856,2
176472,1
760306,2
364909,2
593804,1
307467,0
610642,0
129662,0
569359,2
561862,-1
423167,1
840583,-1
683275,-1
190548,1
958471,2
740052,-1
631040,-1
976028,1
990527,2
58802,2
406698,0
166458,2
758638,2
864544,2
937863,2
839640,1
43118,1
554437,0
24114,0
594987,2
2994,0
983985,1
738824,1
578675,2
246789,2
459925,2
723464,2
939557,-1
962770,-1
432283,1
295172,0
354011,2
917171,-1
368282,-1
799357,-1
218943,2
354686,2
180377,1
979574,1
457365,1
855074,-1
527673,-1
785117,1
973760,1
928581,0
56229,1
489025,0
43190,-1
563462,2
972585,1
593576,1
327139,1
615819,1
538945,2
967095,1
993681,-1
568295,2
969003,2
644408,1
956047,2
525657,-1
56665,1
617655,2
838447,1
931195,0
577981,2
870874,2
480174,1
695290,0
645362,2
475332,1
78586,2
792010,2
600177,1
579760,1
733217,-1
130633,1
246139,0
83570,2
233932,1
65704,0
720328,1
182815,1
992508,2
582996,-1
712952,2
217793,2
960416,1
387077,1
62147,-1
158157,1
16196,0
211659,1
368185,0
681044,-1
368951,0
200078,0
947641,2
591630,-1
60500,1
257401,2
478713,2
735450,1
633125,2
610055,1
632978,2
365076,2
875539,0
758419,0
709088,1
768261,2
209509,0
127305,0
121053,1
19558,0
801712,2
837454,0
541857,0
11629,2
10359,1
66175,0
23284,2
211731,0
32828,-1
300306,1
798465,-1
429350,0
96211,1
287991,2
580986,1
782530,1
446353,0
404665,1
971456,1
503290,1
675704,2
225076,2
593471,1
481167,0
161297,1
270003,-1
411180,2
271499,2
672109,-1
602150,0
575468,0
181408,1
161726,1
977902,1
788232,0
725006,2
722658,2
600224,-1
793349,-1
451620,2
424135,1
88627,1
806009,0
192064,-1
685562,0
284646,1
715307,2
883501,2
842439,-1
33587,-1
730304,1
87268,2
494947,-1
557924,2
351002,1
361958,2
624214,-1
513910,2
506543,2
778056,0
357156,1
370081,1
880261,2
509403,1
580774,0
837095,2
560337,2
132783,2
304998,2
819879,2
849455,0
346200,0
625746,1
677462,2
107732,1
277516,-1
119700,1
219147,-1
773453,1
813113,0
121431,1
258442,2
15784,2
491379,-1
767093,1
508244,2
711697,1
78517,2
592053,1
723025,0
310230,2
751878,-1
617843,-1
265859,-1
410288,2
708448,2
254072,2
791956,0
515974,2
972791,1
330960,0
126876,1
316154,1
179087,1
586916,1
70846,0
752225,2
404604,1
836527,-1
678059,0
333311,2
74980,-1
477908,-1
506657,1
980875,1
805679,0
193548,1
818493,-1
625918,-1
215713,-1
126166,0
709380,0
570628,1
898663,0
103967,2
934788,-1
327499,0
953095,1
592527,2
488806,-1
531595,1
899135,2
661210,2
311285,-1
956537,1
536614,1
518252,2
101697,-1
136250,-1
571656,1
614530,0
506382,2
990558,1
414640,2
757228,1
741160,1
80801,1
14077,-1
44115,1
782491,0
141116,2
758470,0
111565,2
108937,0
333960,2
495632,-1
855633,1
387274,-1
944823,2
676644,0
674904,1
706197,2
751823,2
534701,2
776680,2
856934,2
838992,0
73072,0
592976,0
120301,1
477557,0
331101,0
587789,0
106773,2
714124,1
772086,2
656418,0
372287,-1
481477,0
938734,2
922926,2
339447,0
325978,2
42066,0
382638,2
16052,1
450371,-1
450653,-1
299753,1
643564,2
975417,0
890333,2
759258,1
82004,2
187640,-1
790339,1
760264,2
34404,2
387284,2
111495,2
263613,0
811478,1
615025,0
709431,0
815398,2
429819,-1
55201,-1
918786,2
505250,2
811168,0
616510,2
810332,1
778191,0
644140,0
614087,2
350693,-1
224411,-1
187760,2
673695,0
624957,2
682615,2
674916,0
404402,1
53072,2
48112,1
785837,0
184816,2
230210,1
915999,0
376465,0
194186,2
106745,1
992715,-1
274295,1
841614,-1
855159,0
369248,1
400854,2
232119,2
770087,2
61801,1
582837,1
696188,1
710747,0
943396,0
943553,1
957958,2
170910,1
680524,0
565587,1
749902,2
748072,-1
937512,-1
130999,0
342929,0
406526,1
281624,2
111021,1
898463,1
920547,1
300268,2
6377,1
150851,2
836682,2
975094,-1
303263,1
469044,2
826563,0
879918,1
803773,2
535044,-1
129239,-1
123544,2
955118,1
763466,1
302824,1
970253,2
536636,2
225644,1
901410,2
976357,0
276425,2
698782,1
476182,2
560795,1
734099,-1
874279,0
528799,1
844516,0
42001,-1
729333,2
910929,2
436637,0
539943,1
158515,2
913083,2
196246,2
312900,2
247152,1
621919,1
72893,-1
989727,0
828411,1
231642,0
294532,1
322655,2
238643,1
226893,0
22945,-1
667052,-1
330901,0
893735,1
844155,2
598545,1
792602,0
81394,-1
79720,1
450891,1
689110,2
603282,2
151774,1
427833,-1
514030,2
450842,-1
663940,1
289537,-1
93580,0
999485,1
16012,1
602434,2
128526,0
567878,0
311040,0
397558,2
659249,2
732039,2
257083,1
653366,2
764741,1
240417,2
941193,-1
249928,0
355194,2
466127,-1
986184,1
194736,2
193995,1
630191,0
467505,0
385475,-1
537515,0
689188,2
629787,2
125791,2
873126,0
634159,0
5824,-1
626130,0
710596,2
739055,0
584269,1
930286,1
803604,2
902313,-1
365571,0
418391,-1
260874,2
53754,1
406691,2
958946,0
135258,0
349414,2
988959,-1
954431,1
985836,2
698510,2
509363,0
625498,0
896827,1
393734,1
326465,1
856169,2
404748,2
330862,0
455496,0
571982,0
298506,0
98423,1
660483,2
219919,2
967026,1
640859,0
574291,-1
673739,2
490703,1
811513,0
357267,2
366205,1
47116,2
41555,2
666135,1
997640,2
381416,2
168327,2
492253,2
422735,1
667117,0
202823,1
10908,2
366599,2
394665,2
734589,2
210821,0
191243,1
435686,1
7931,0
331666,1
998608,2
598170,2
981822,1
349039,-1
131708,2
440962,0
719287,2
866736,2
793383,-1
486705,0
206701,1
812095,2
813429,1
300273,1
246003,2
357693,1
127689,2
554542,1
713892,0
855661,2
413022,1
204680,1
865502,1
70808,0
542694,1
521642,2
90760,2
599952,1
116224,2
781730,0
222272,2
520111,-1
470642,1
241795,0
585620,0
969978,2
800466,2
665096,1
59084,2
813349,2
312981,1
965523,2
921337,2
791417,1
472174,1
514550,1
418510,-1
344814,2
555242,2
603943,-1
996818,1
518736,1
194144,1
548422,0
781735,1
90786,1
3051,1
402995,0
224269,2
891634,0
661409,-1
776823,1
773037,2
716592,2
709740,0
230435,2
105775,2
277235,1
323839,0
485009,2
991522,0
421384,2
407930,1
499185,-1
634042,2
281534,-1
29564,-1
777475,2
73475,1
924278,2
945887,0
133825,0
750622,0
340947,-1
477970,0
841038,0
331429,2
861934,2
117689,2
231985,2
452498,-1
147151,2
402278,0
515529,1
816064,-1
320416,2
674363,2
45153,-1
294203,2
69149,0
892557,0
714218,0
374533,1
799765,1
406896,-1
493645,0
77622,2
351139,2
598383,2
437099,2
811260,1
289021,0
411748,2
834122,1
531633,2
138830,2
855031,-1
621398,1
591179,-1
665535,-1
625048,2
395927,-1
819363,2
226513,2
230277,2
217668,0
646356,0
585846,-1
320140,-1
7769,2
128883,1
930716,-1
52091,2
865029,1
678269,0
646896,1
151820,1
126071,-1
390635,0
846830,2
903429,1
552575,2
51238,1
398685,2
442076,0
245264,1
1847,1
800950,-1
236737,2
371083,2
288557,-1
645411,0
582358,-1
105065,0
105707,-1
487304,0
966654,0
367823,2
649275,1
29185,2
172119,2
685650,2
173254,1
287735,1
97811,1
838235,2
254835,0
318905,2
259043,2
381017,-1
649757,-1
529954,0
663529,-1
423720,1
22777,1
766694,0
166583,1
282634,1
353764,1
461317,2
31680,1
998009,2
491318,2
970330,1
476860,2
415960,2
937064,0
935085,0
863837,0
166987,2
65621,1
486600,0
389265,1
151202,1
906908,1
98725,2
741135,1
184479,0
364623,-1
289083,2
101465,2
877671,2
414975,-1
819137,0
162715,2
889367,1
682050,-1
468148,0
276721,-1
809015,-1
82904,-1
629958,1
282539,-1
576641,0
721032,-1
985863,2
351847,2
102182,1
432256,2
810959,-1
339263,-1
426325,-1
634147,2
43694,0
693219,-1
840612,0
292313,-1
459823,0
458700,-1
886294,2
72399,2
838493,1
239467,2
966716,2
88590,2
270660,2
612857,1
481502,-1
953534,0
399293,2
325715,-1
412226,2
817566,1
610516,-1
921902,2
279576,2
164195,0
233989,2
650411,0
531313,-1
4333,2
643985,-1
556079,0
362728,0
619584,2
498930,2
711047,2
280183,1
710884,2
669728,2
873903,1
133051,2
580652,1
122184,2
297918,-1
443350,1
942345,0
487311,2
624290,2
462841,2
682584,0
86801,1
614098,-1
71036,-1
603798,1
539219,0
571734,1
891254,0
16967,1
366465,-1
468888,1
755956,1
854237,2
929586,1
972465,0
47414,0
237511,0
473045,1
719760,2
3380,2
915945,2
746072,2
793658,1
718346,0
991582,-1
186975,-1
544544,2
598757,2
352182,0
799769,1
285144,1
406272,2
92988,1
36673,1
558989,2
261633,2
239960,0
938879,-1
638143,2
162574,2
78388,1
966667,0
865944,0
972181,2
946851,2
214800,1
728032,2
600651,-1
728584,2
706681,0
589739,1
450581,1
47561,1
401905,0
800981,2
589183,-1
222534,2
357670,0
923142,-1
497636,2
443455,1
730705,-1
830855,1
255556,2
961712,0
589379,-1
956735,1
216207,1
650019,1
606200,2
753836,0
847322,0
273226,1
83629,1
226734,0
788872,1
870974,2
591870,1
568912,2
789519,2
731488,0
244090,0
735125,2
764484,0
646717,1
31157,-1
152232,0
414280,-1
587546,2
821756,2
373215,2
826764,0
733307,0
596788,2
57392,-1
761256,1
586312,1
93389,0
93917,2
73551,2
165581,1
156791,-1
823794,1
63392,0
182207,2
829750,1
101290,2
639078,1
960964,2
884242,-1
333194,1
180605,2
724302,1
464585,1
857134,0
289751,2
746574,0
5343,-1
477522,2
446879,0
546541,1
732463,2
380608,2
336640,-1
52477,1
194507,1
538733,2
622382,1
758067,-1
969245,0
6204,1
360927,2
733862,0
254831,1
312789,1
683632,2
698155,2
581241,2
685887,2
495618,0
98564,1
422534,1
378882,1
175872,0
135908,0
840249,2
37433,-1
231996,2
573211,1
703385,0
11101,2
819890,1
572492,-1
120502,0
146930,2
913546,0
808868,1
383788,2
629338,-1
429250,0
327253,2
233323,0
754966,1
5107,-1
285700,0
997597,0
605325,0
181468,1
921776,1
131890,-1
727491,1
407368,2
720318,1
521215,2
699505,0
260605,1
4496,1
162556,-1
283270,0
631070,2
343853,2
195609,2
729294,0
342029,2
31305,-1
974349,1
827385,1
110637,1
330981,1
716213,0
673772,1
533976,-1
467243,2
671317,-1
232183,1
489015,-1
356158,2
988748,1
240002,1
873392,1
345670,1
356761,2
530584,1
177001,-1
525148,-1
347083,0
784269,0
420686,2
918830,2
550616,0
696228,-1
861731,2
677852,1
591361,1
962050,1
76649,1
832328,1
239449,2
467995,2
467450,1
127162,1
477381,1
58715,-1
701473,1
893061,2
335217,-1
909071,1
471885,2
164325,1
875446,-1
366749,2
625267,1
805316,2
779520,1
967449,1
39093,2
306078,-1
983065,2
106475,-1
380508,1
236562,1
589848,1
741895,1
204042,-1
238985,2
468940,2
467571,1
86934,1
650045,1
334396,2
308397,2
435631,2
206312,2
565453,0
250852,2
511144,1
985030,0
5045,0
962371,2
179695,1
571674,1
708517,1
949891,-1
451267,2
463572,1
527910,2
446310,0
105414,2
18138,2
653784,0
331838,2
650762,1
826394,-1
164947,2
871573,2
737732,0
78892,2
950200,0
484870,0
382863,2
155451,0
361880,1
625561,1
675442,2
113514,1
19397,2
718093,0
428411,0
908602,2
595852,1
866548,1
516734,0
203690,2
457889,0
42699,1
564817,1
519244,1
634222,0
851947,-1
925224,1
776585,0
603969,0
848121,-1
745737,0
706675,2
891427,0
311901,-1
190297,1
782363,0
44291,2
370428,1
899174,1
144125,2
422237,1
554582,2
242199,-1
232219,0
224076,1
945898,-1
564911,2
343688,-1
371908,-1
627574,2
180485,-1
249763,1
651375,2
660951,1
657758,0
237867,2
782819,2
791928,0
294609,-1
850390,2
396547,1
142830,0
250983,2
443938,2
831490,1
418267,1
860398,2
763872,-1
574726,0
142336,2
213055,2
455829,1
656699,0
171902,1
350128,2
714025,1
17420,1
44772,-1
643168,-1
704610,2
820523,1
37607,0
680087,2
509948,1
938423,1
476346,2
617648,2
659939,2
510346,-1
106516,2
187412,-1
530662,2
969059,-1
233113,2
881485,-1
396578,1
722776,1
69263,1
783056,0
29053,1
45878,1
845042,2
78628,2
899274,2
485857,2
914284,0
590949,1
286808,2
449133,1
145375,1
769261,1
769524,1
968896,1
313839,2
775822,2
293312,-1
495182,0
896063,1
2325,1
795486,2
135329,2
885345,0
703319,0
595781,1
243128,2
589175,2
473007,-1
145261,1
942956,1
524966,-1
713766,2
440834,2
94839,2
730063,0
120270,2
73612,-1
432813,-1
317254,0
149855,-1
588233,2
860852,2
762132,0
694699,2
357323,2
617071,2
909332,1
460019,1
175290,2
845224,1
77234,1
337929,0
846396,1
515567,-1
365305,0
410068,-1
123198,1
287376,1
799250,0
744900,1
505135,2
380314,1
272452,0
164506,2
825234,0
959388,2
502275,2
663775,1
515364,0
29777,-1
857998,-1
930993,1
225367,1
299046,1
54060,1
153537,1
77959,2
238755,-1
913486,1
14443,2
604691,2
56693,0
397430,1
292158,1
263045,1
686702,2
111969,1
575864,1
592714,-1
788130,0
283215,2
463455,0
84395,1
111750,0
930512,2
582792,1
172215,0
856082,-1
788739,2
509947,2
407486,1
93916,2
49777,-1
794018,0
448173,1
461282,0
44346,1
505510,0
782839,2
104045,1
568580,1
758553,2
53400,2
441214,0
953386,1
143711,2
120075,-1
215972,0
439116,2
186431,-1
593449,-1
607278,1
582945,0
922510,1
767792,1
795952,0
944860,-1
444063,-1
865922,1
752668,1
977914,1
252208,1
772954,0
254837,2
237616,-1
371131,2
343754,2
449316,1
185570,1
47008,2
19133,0
375376,2
578099,2
763558,2
162367,2
690491,2
698617,1
620254,-1
217118,1
232363,2
816170,0
449825,1
672636,0
179091,-1
231038,2
291804,-1
710495,2
553086,0
323962,2
581600,0
704427,1
438734,2
209379,2
415615,-1
284806,-1
310499,1
346116,0
771257,1
129670,0
532461,-1
847765,1
541807,0
151102,1
301061,2
920481,2
223008,2
804457,0
577544,2
724299,0
615253,-1
414925,2
905949,1
633508,1
270235,0
560973,0
337725,1
307063,1
248899,-1
693471,2
32083,2
581827,2
447640,1
862171,1
263238,2
177423,1
556777,2
814230,2
34166,0
355856,0
961882,0
762704,0
602494,0
34702,0
715552,0
355679,0
854686,2
171389,-1
820375,2
752605,1
923279,2
150302,1
444048,1
772347,1
707363,0
43036,1
31741,1
902354,1
732442,2
691266,-1
115042,-1
522188,1
815935,1
621337,1
933944,2
545889,1
639168,0
655821,1
217577,2
988338,0
310934,0
384173,2
850427,2
614699,2
146362,0
58112,1
466658,0
798525,2
569963,-1
434900,-1
51794,0
373733,2
78426,2
591624,0
376278,1
881145,2
423932,2
154517,0
809256,2
592760,1
326267,1
557614,-1
657699,1
792471,1
687325,0
184414,1
160393,2
846792,0
615738,1
988164,0
487047,2
469101,0
804088,1
981726,0
661325,2
395935,-1
404054,1
336290,1
458596,2
721106,-1
837210,2
370613,2
123115,2
306643,2
666144,-1
108718,2
319332,0
579193,-1
358166,1
141738,1
260609,0
581967,2
132595,2
488092,1
392202,0
315476,1
205530,0
659291,1
436218,0
90685,-1
142415,2
24934,2
409382,1
920431,2
796763,1
845251,1
388243,1
604797,-1
152641,1
248936,2
938144,2
424611,2
329124,0
665784,0
640825,-1
163428,-1
556966,2
462236,2
940585,-1
836959,1
203375,1
254557,0
980954,2
24797,2
281199,1
574766,1
887404,2
291525,2
649648,1
753473,2
305074,1
328063,2
567452,2
195871,1
540520,0
875626,2
672918,2
17142,1
644643,0
558196,0
718420,1
941514,-1
142228,2
114046,2
201727,-1
432369,-1
387738,2
199691,2
180304,1
673181,1
146042,1
558321,0
486158,1
656852,2
746973,0
443873,2
946854,1
206666,1
329798,0
494754,0
964787,2
992585,0
626550,0
338140,1
86710,2
880166,1
461185,0
840127,0
909823,1
347835,-1
41851,2
429019,1
822696,1
398282,0
939362,-1
44160,2
193712,1
628281,2
489292,2
616565,-1
347410,2
17963,0
76228,0
601837,0
569634,0
57381,-1
120440,0
34596,-1
28256,0
499154,1
352917,2
642374,2
597069,1
830957,2
317312,2
827075,2
588394,1
706639,-1
182537,1
16854,-1
443398,2
434602,1
554528,2
30214,-1
171137,-1
875060,0
961114,1
246680,2
244205,0
552594,1
726305,2
354750,1
71830,1
345645,1
212044,1
200267,2
942846,1
174493,-1
333002,2
146187,1
793908,2
496143,-1
966647,2
323,2
803875,2
402047,1
534219,-1
703000,0
671584,2
559320,2
188050,1
887516,2
645866,1
466328,1
415728,1
503003,0
298164,-1
633000,2
512067,1
235641,2
343381,2
733240,2
136832,2
389026,0
852347,-1
25002,2
294027,1
648266,1
810469,0
224435,0
952397,1
12004,2
185013,-1
486832,0
86045,-1
133514,1
799864,1
781356,2
866735,1
788791,2
907298,-1
930620,2
580848,1
438124,1
400009,1
956741,1
748695,1
831576,1
683218,2
531715,1
555874,-1
672398,-1
293081,1
506419,0
776853,2
857439,0
860763,1
169809,0
410150,0
776743,2
830459,0
612043,1
247011,2
404518,0
997644,0
111741,-1
921727,2
921922,1
349946,1
632649,2
10315,1
448017,0
561814,0
88851,-1
317861,0
419424,2
185650,1
931895,1
893553,2
159886,1
48509,1
697646,0
260134,1
958366,1
497671,2
890683,-1
219061,-1
50736,2
742031,-1
431195,1
159717,0
641424,2
423512,2
229137,1
798844,1
693406,2
371036,1
211835,-1
757133,0
937342,2
977747,2
333823,2
669775,2
260295,2
677043,0
477036,-1
194820,1
833593,0
737103,0
838487,0
14362,-1
433532,-1
375715,2
274541,2
115978,1
905000,2
343053,0
168437,1
794305,2
149132,0
255482,1
786652,2
18795,1
261144,0
2575,1
477704,2
645226,2
613988,2
141972,2
863542,2
922667,2
419431,1
960388,1
853322,2
622813,-1
785330,1
810188,1
53815,2
818404,0
747464,2
754308,1
128943,0
996229,1
964585,1
959469,1
354761,-1
102989,2
67926,0
122021,1
549342,2
446441,2
196355,2
589487,2
70611,2
683684,0
978725,2
13287,1
809747,2
838185,1
647188,-1
616174,2
754798,1
620739,2
644772,1
96841,2
818549,0
24845,1
397713,2
924727,1
164077,2
442722,2
583077,2
840571,2
415337,2
148578,-1
239214,1
521908,-1
947679,1
227844,0
701507,0
617736,1
509196,0
585430,1
839425,0
414230,2
916592,1
705572,2
282147,2
201741,0
464689,2
506099,0
315331,0
258435,0
910541,1
394712,1
424092,-1
204080,1
744870,1
644004,2
107636,-1
661174,1
19909,0
927163,1
358829,2
186937,2
98072,1
43449,1
996972,2
365705,1
27742,1
165638,-1
419439,2
254018,2
980316,1
849752,1
601238,-1
763081,1
767129,1
292040,2
800470,2
408830,1
902403,2
495974,-1
97966,-1
612358,1
601862,0
484009,0
24147,-1
545781,2
404273,2
459068,2
706804,0
570687,2
611072,0
985616,2
164701,0
599031,2
291016,0
871590,-1
375923,2
625713,1
544267,1
597520,1
201908,2
779450,1
41388,1
324210,1
527518,0
995095,2
68508,-1
645526,1
803925,-1
310865,-1
243590,-1
739831,2
838039,0
93918,2
115526,2
164262,-1
727311,1
735220,-1
468210,1
689122,1
53596,2
799186,2
101084,2
30439,1
810252,0
821303,0
292964,1
302407,0
271892,2
732321,1
447410,-1
803265,0
196513,0
365268,-1
202213,0
325954,2
969878,2
626863,1
549662,2
583897,-1
81079,-1
74615,2
390771,1
921683,1
260545,2
746062,-1
523766,0
369387,1
387902,0
407975,1
843647,2
668518,2
259924,-1
823007,0
133194,0
999383,1
844853,1
811166,-1
700248,0
312802,0
703577,2
842529,1
133240,-1
637996,1
242561,2
970006,2
651603,0
339673,1
675644,1
793976,0
162961,2
469570,1
681176,2
887401,2
891406,0
751950,0
965377,2
773946,1
84122,1
845066,-1
389748,2
837821,-1
967629,-1
864765,1
266087,0
41710,2
112134,-1
513080,1
452254,2
564272,2
876098,0
273845,1
343129,2
622330,2
296515,2
199651,1
265010,1
124863,1
619557,2
500287,2
366450,1
626887,2
426254,2
535685,-1
617761,2
616786,2
863271,0
516407,2
148449,1
849472,1
665945,-1
479060,1
736724,-1
288008,1
638394,1
779022,0
951766,2
535506,0
202738,-1
863224,1
870370,1
721194,2
981141,2
252336,-1
77169,2
68528,-1
38903,0
256464,2
11425,2
898966,0
860813,1
873715,0
81184,2
106630,-1
203802,0
904553,1
793878,2
727291,1
659013,-1
170414,1
545030,2
935399,0
720843,1
24407,2
368110,0
503818,1
556178,0
905326,2
337724,1
69700,1
114542,2
160079,1
903579,-1
646349,2
161942,-1
598614,0
663644,2
329622,1
263883,-1
296398,0
566777,2
158516,1
764934,2
404621,2
803119,2
610999,2
737690,0
312628,1
712615,0
188749,2
814343,0
988637,0
880191,2
280042,0
630479,0
46849,2
667139,1
445425,0
136052,-1
811010,0
170283,1
900662,1
493441,1
94212,2
753640,0
312169,2
202533,-1
102614,1
619990,1
86350,1
63121,0
121852,0
600352,2
124929,1
75897,2
574497,2
24804,2
596222,-1
906004,1
539619,-1
110125,1
448051,2
790726,0
822650,2
381243,2
730979,2
936649,1
587095,2
612202,2
429050,-1
700694,1
851416,1
547091,-1
51713,2
125090,1
81094,1
46987,2
10385,-1
660879,0
815867,2
182651,0
13152,0
612985,2
668026,2
286216,1
872878,1
346203,2
717045,1
118481,1
67795,-1
965112,2
942456,1
49607,1
336321,2
220175,0
218973,0
458027,1
932536,0
239165,2
473283,0
10468,1
965411,-1
733655,2
383468,2
796762,1
184596,1
327092,1
158124,1
998269,2
332356,1
495084,1
610404,0
478417,1
599073,1
476278,0
433925,0
184487,0
899620,0
237593,2
637818,1
487541,0
323186,2
767342,0
897943,2
893076,2
227111,1
484479,1
142536,0
511856,1
486621,0
793118,-1
350625,1
875997,2
520873,1
980231,0
486454,2
790783,2
119066,0
795590,0
703949,1
226753,2
497219,1
133965,-1
108181,0
574156,0
510374,1
547861,2
154116,0
445954,1
997533,1
624946,1
463357,2
912071,-1
789575,0
733504,-1
921494,0
182771,2
577188,1
77565,0
13576,-1
850213,1
233403,0
158376,2
42715,2
125277,2
794752,1
738883,0
646317,0
908688,1
767328,1
771691,1
259880,0
825122,2
884467,2
787682,2
609778,2
737682,1
908388,0
424425,1
323128,1
628679,2
678862,1
838507,-1
205713,0
681150,0
7572,0
941573,1
274509,1
684872,0
370024,2
291351,1
155280,2
493518,2
955736,1
475150,1
814784,2
934550,2
236229,0
868776,1
724046,-1
948949,2
383876,0
131974,2
986064,0
428108,1
926841,1
494582,0
781163,0
92910,2
486,0
491939,1
53227,1
800250,1
253165,2
31100,1
457211,0
164443,-1
646128,2
26297,-1
641969,-1
593800,-1
256579,0
805014,1
418189,1
640885,2
497723,2
627483,-1
654700,-1
237079,1
432087,2
572031,-1
962862,2
73015,2
308754,2
686614,0
620529,1
342626,1
875135,2
135651,1
566883,0
708737,2
771565,2
146085,0
713094,-1
540959,2
824998,1
387636,1
6977,1
581176,-1
272574,-1
312899,2
405772,2
423226,2
15617,0
73801,0
581076,-1
763519,2
916909,0
646077,-1
551261,-1
182472,2
180047,2
986479,2
238659,1
76266,-1
98479,0
177204,1
298152,2
328729,1
297260,1
567264,2
329437,1
985621,2
789426,1
246326,2
933736,2
378617,-1
254499,0
174922,-1
312720,2
568863,2
903966,-1
730989,2
191303,2
261053,0
179969,1
411209,1
293338,0
224041,2
627912,0
763334,0
769155,-1
93337,1
802385,1
42183,2
407596,1
368054,2
618952,1
648741,2
877147,-1
996306,0
154289,0
333682,0
746454,0
504683,1
455348,0
744762,0
153848,2
429721,0
460217,-1
622753,1
925836,2
140313,0
498154,2
848278,0
694120,1
614569,-1
511015,0
56117,2
97915,0
684968,0
290122,2
896238,1
105501,-1
155182,2
243396,0
425069,-1
3804,-1
92161,1
360732,0
850932,1
20149,2
695895,2
972635,-1
986282,-1
568549,0
434652,1
507521,2
263473,1
267646,2
149939,-1
274077,1
776304,-1
370879,0
404861,-1
204227,2
819486,2
142966,0
818701,1
274044,0
665722,1
421305,0
704236,1
349774,1
635513,-1
652424,1
146233,0
676332,-1
696485,-1
474898,0
939207,0
135234,0
4494,1
678001,2
505970,1
656254,-1
552023,2
561933,0
885448,1
284977,1
455946,2
891808,1
349787,-1
598581,0
327527,-1
631112,1
780626,2
617439,-1
778454,-1
411141,0
694508,1
451340,2
200823,2
252827,0
997245,-1
593241,2
150780,2
701541,2
342006,-1
182752,2
597528,2
979212,-1
730965,1
705732,2
852885,1
567968,2
58159,0
485485,-1
270505,1
221568,2
261639,-1
493242,0
988625,2
127890,-1
582873,1
596848,-1
653100,2
681574,0
228139,1
121922,2
941781,2
169175,2
253167,2
715413,1
15656,-1
825086,-1
207315,0
823519,2
369940,2
359076,2
802295,2
44252,2
230042,-1
663144,2
235342,0
948529,1
649033,1
622688,0
500735,2
295382,0
982200,2
349178,0
395381,2
544107,0
538241,1
591984,1
45181,1
708342,-1
950412,2
118586,2
833509,1
694880,0
501069,2
537327,-1
736909,-1
777838,2
14607,2
198247,1
532727,0
971954,2
506983,0
740265,0
628974,2
273978,1
890446,2
555626,1
266376,-1
555259,0
605751,-1
642647,1
8695,2
288654,0
420856,2
822637,0
495623,2
444782,0
598329,0
581704,2
274996,2
185975,0
6500,0
4922,2
314724,-1
864689,-1
890303,2
298217,-1
58759,2
665061,2
711365,2
53886,1
639109,1
955199,1
56403,2
986454,2
725929,1
308560,0
63259,2
893580,2
910594,-1
635622,1
332270,2
230361,0
970928,1
987005,0
599243,1
415291,0
353090,2
571695,1
442038,2
766968,1
572932,1
770249,0
380515,2
308454,2
870967,1
35630,-1
809561,1
51932,1
937854,0
845936,2
48136,2
337375,0
129260,2
651061,1
949433,1
38474,1
780400,2
900148,1
717361,1
315768,2
1094,-1
371575,0
334703,0
347301,1
333023,1
760539,1
986393,2
113410,0
533841,1
646375,1
208765,0
874552,2
581056,-1
564133,1
238576,0
771517,2
569298,1
362439,0
313524,2
453646,1
267618,2
552103,2
922833,2
161548,2
547728,1
882173,2
196745,2
329376,0
561279,1
152362,2
577289,0
569331,2
797033,-1
697697,0
705751,2
780961,0
607260,0
56078,0
233570,0
900516,2
526766,-1
950781,1
445119,0
299523,0
700364,-1
638191,1
746929,0
585971,2
568079,2
102283,1
154483,1
870534,2
367520,1
483579,1
846473,1
863386,2
448491,2
879144,1
661533,2
778544,1
26334,1
568606,1
694622,1
176767,2
787826,1
765977,0
79002,0
628012,1
468570,1
989146,1
458415,2
677605,0
896052,1
689114,2
743964,1
562549,1
609521,2
769546,0
936010,0
28321,-1
907350,-1
15176,2
619727,1
755696,2
659339,2
868242,2
878577,2
27645,-1
94375,2
96253,0
106662,-1
927688,0
174681,0
5808,0
562069,1
697588,-1
323681,2
767676,2
23872,2
901914,0
940000,2
152867,-1
174045,2
952247,1
420045,-1
219993,-1
384450,2
284022,2
281768,0
969999,2
692396,1
566712,1
397080,2
400965,2
553873,1
314655,0
210043,2
66392,1
888438,2
42015,0
155936,-1
456964,2
100619,0
165244,-1
918091,1
225368,1
809620,2
543287,1
858075,2
342041,1
501333,0
688842,2
259862,2
844239,0
939482,1
851282,-1
782419,1
156502,-1
411451,-1
778098,0
748621,2
991104,1
429100,1
242868,1
383918,1
665976,2
464303,2
136987,2
210063,1
931052,-1
726315,0
430258,1
366927,2
303238,1
485960,0
300485,1
486143,1
487258,0
86791,0
483979,1
557002,1
651130,1
240130,1
854919,1
126330,1
959514,1
669369,-1
906463,1
251017,0
17936,1
275097,0
973737,2
398175,2
549419,1
830932,-1
62153,1
836743,1
688979,2
467710,2
786829,1
475922,1
756330,-1
129546,1
283112,0
177141,0
27227,1
991302,2
769041,2
982553,1
882621,-1
953530,2
834944,0
561470,0
384297,0
521834,2
878776,-1
800561,2
332192,0
626665,2
720978,-1
471603,0
840316,2
270413,2
666499,1
934904,1
750005,1
370595,1
93511,0
389325,2
285464,0
537960,2
523402,2
453346,2
286755,1
735544,0
737829,-1
866869,1
887135,2
539693,2
912791,1
32937,1
607228,1
678005,0
547998,2
111384,2
135862,0
585961,2
851295,0
876430,1
161949,1
265741,2
469560,0
625147,2
843557,1
246532,-1
397532,1
363915,2
535584,2
195696,0
432742,1
45471,2
147931,1
351920,0
728240,2
15379,2
138964,2
406562,1
673979,1
6599,2
3316,2
963207,2
292792,2
715826,2
901330,1
658591,2
700745,1
684686,-1
585044,0
72912,0
292080,1
775106,2
429183,1
79809,1
710041,1
359322,1
558178,2
883974,0
796425,0
792125,-1
603149,1
412743,1
899120,2
77176,0
48054,2
744133,2
792380,0
450463,2
923478,-1
825217,-1
92054,1
455204,1
166549,-1
864815,-1
736961,1
495799,-1
988766,1
440864,1
7273,0
114016,0
713565,0
713129,1
681654,0
633587,0
489731,0
71236,1
954902,1
608676,2
841621,-1
938387,2
96791,0
336255,2
654234,2
568095,2
297199,2
63520,1
146672,-1
156613,0
209688,2
233240,0
635250,0
818370,1
250804,-1
472432,-1
526619,1
932140,-1
678223,2
499800,2
94093,2
975989,0
546488,2
823328,0
83230,0
613657,0
465639,2
37735,0
508126,-1
338723,1
216769,-1
924616,-1
128444,1
781378,-1
161766,-1
629937,1
448114,2
337455,1
928110,0
348665,0
925085,2
350345,-1
255901,2
798119,1
649555,1
678457,0
127945,2
306053,0
429997,0
84686,1
178031,-1
433817,2
727081,1
92555,1
736073,0
684291,1
208436,1
631966,2
632170,2
552169,1
700411,0
398682,1
864408,2
791122,-1
311939,1
212992,2
439770,0
888670,1
246648,2
52909,-1
185340,1
954861,2
312141,2
779676,1
501230,1
655913,2
869690,1
692291,1
7733,2
323305,1
522534,2
255257,2
342294,2
336712,0
847143,0
958883,2
32011,0
645444,0
591370,2
921487,0
213184,2
191035,-1
486019,2
967576,2
485397,0
274091,2
971373,-1
80530,1
441388,2
219687,0
589095,1
717337,2
309919,2
624761,1
538959,1
933506,0
255735,-1
960885,2
547227,1
955114,1
490235,1
30625,2
344466,2
352351,2
91361,0
644448,2
321910,2
294122,1
502744,0
450547,0
952430,0
917415,2
546639,2
498408,2
19737,2
89008,2
401448,1
117558,0
713838,0
52888,2
692934,-1
211232,-1
738012,-1
430717,1
429013,1
622733,0
175296,-1
208540,2
341637,1
980407,0
747972,0
10675,2
413483,0
492601,2
440868,1
179308,-1
850302,0
994884,2
280069,2
225213,1
383465,-1
495245,0
457142,2
918082,1
850665,2
119798,-1
197624,-1
419286,0
66539,1
937594,1
458056,0
391586,-1
537905,2
940773,-1
63636,1
350290,-1
399262,1
879570,1
242644,0
360419,2
702569,-1
195816,-1
757711,0
927763,1
709644,2
713965,1
645834,1
917740,1
102859,2
302987,1
533731,1
989796,-1
998974,2
238041,2
849413,2
277751,2
42975,1
243718,2
993297,1
162328,1
341635,0
650311,0
244956,2
203918,1
474921,0
111066,0
706768,1
701078,1
469942,0
396077,1
930734,0
769160,2
324,1
685392,-1
195255,0
132265,1
232617,1
671491,0
24200,2
670870,0
187081,-1
740680,1
183014,1
1002,1
437581,0
13562,-1
525771,1
484704,2
435190,2
563240,1
980945,1
71688,0
43993,2
674237,1
609692,0
994995,2
17950,1
660705,1
488065,0
718541,2
789782,1
774504,0
942387,1
913856,1
68822,1
498872,-1
282396,0
607114,1
293524,0
67727,1
926215,2
237135,2
13937,1
105223,-1
989572,2
548324,1
565886,1
319852,2
958100,-1
343719,2
731863,0
603466,2
119608,1
692785,2
764412,2
853757,1
822612,2
400706,-1
506377,0
676465,0
528708,1
426419,0
540054,2
912100,1
274630,0
554174,1
905680,0
418450,1
418141,2
307012,0
890324,2
682705,2
379783,2
843593,1
22034,2
616085,2
672236,2
440264,1
162520,2
571452,2
178299,2
187726,-1
162956,-1
650239,2
285695,2
62508,0
601101,1
888833,0
452911,1
532091,1
647934,2
205997,-1
376530,1
491158,1
670340,0
63710,1
373166,0
123762,1
949504,2
282697,0
796241,0
968995,-1
114369,1
505454,2
804838,1
254338,0
357839,2
356216,2
27874,1
985071,-1
718353,2
10863,-1
519963,2
398011,-1
858431,0
781976,1
647740,-1
509315,2
180805,2
153440,1
721700,-1
665905,-1
425155,1
592618,0
604000,1
706419,1
626332,1
675525,2
35335,2
879999,1
695422,1
282559,-1
347486,0
237897,-1
83693,0
434463,2
936349,1
467990,1
339981,-1
998342,2
769234,2
812406,2
325242,-1
274653,1
141806,0
239144,0
537273,2
147807,2
207974,2
357314,-1
789590,2
752831,0
719483,2
717031,-1
744804,0
912022,0
541124,0
999263,0
986822,-1
397991,1
819649,1
917021,0
742017,0
68689,1
233448,1
391815,-1
625916,1
602874,1
384242,2
248317,2
597775,1
505736,-1
830762,0
268977,1
169209,2
674056,-1
303834,-1
893012,2
950264,1
155098,0
643801,-1
37382,2
239109,-1
811745,2
307324,2
651589,-1
728961,1
995965,0
32617,1
345264,-1
670510,2
187322,1
643839,-1
656403,1
407063,-1
456801,0
279241,2
173656,0
140144,1
695410,2
342379,1
904821,-1
102149,2
315058,-1
443380,2
328359,2
822742,1
363827,0
369444,1
15004,1
425757,-1
795670,2
994106,1
521233,-1
629606,0
428345,1
376182,1
557421,0
351678,1
566520,1
951080,0
431383,2
164681,2
711690,-1
487536,1
12892,-1
93856,-1
616594,2
55340,2
977890,0
767055,-1
449932,2
916728,0
116029,1
385866,2
560183,1
264529,0
410097,0
759381,0
846166,0
975978,-1
73908,1
564366,0
218212,2
774290,1
468930,0
692526,-1
425303,2
907670,2
345212,2
686682,2
130895,2
78847,2
813529,1
512340,2
643621,-1
492385,0
105981,1
106267,1
395551,0
133092,1
62304,-1
773877,1
261474,0
2066,0
880642,1
168822,2
291414,1
518500,1
474278,2
250041,0
369792,2
549105,2
735919,-1
415660,1
390548,-1
586365,0
801663,2
21444,2
429715,1
485778,0
353052,2
39102,0
874377,0
582519,2
714029,2
562887,1
161206,-1
242518,0
333341,0
526794,2
862925,1
964831,-1
141282,2
642970,1
437390,1
251594,2
3947,2
782071,2
876155,-1
518691,2
571034,0
57352,-1
444558,2
44613,0
583126,1
516278,2
599097,2
144626,-1
362282,0
465505,-1
781993,2
840724,0
385584,2
332709,0
913766,1
49767,2
416908,0
607640,2
642312,0
66809,0
55451,2
776252,2
146193,2
839366,1
579210,1
597687,0
619476,-1
414013,2
380700,0
896367,0
334698,2
314624,1
991473,1
549413,0
242209,0
969368,2
348883,2
418492,-1
470540,1
458378,1
109266,1
796016,2
146189,-1
908598,-1
305829,0
150626,0
314295,0
785092,-1
349953,1
315604,-1
719053,2
625475,2
904281,0
864899,1
98191,1
393935,1
976682,2
115902,0
714477,1
904871,0
40002,1
196167,1
876677,2
639041,2
658238,2
118538,-1
585684,2
212373,2
439871,1
372248,1
808291,1
740677,0
286600,2
39137,2
242134,0
789533,0
974607,2
121892,2
925466,1
659381,0
71947,0
619589,2
538261,2
401624,1
592687,2
770681,2
655254,0
803295,-1
770982,0
841939,2
773430,2
910369,1
529946,0
453960,2
199412,1
928138,0
89026,1
936076,2
48194,1
543968,2
428811,1
199176,2
308647,1
472164,1
14347,2
792863,1
730475,1
302030,1
729730,-1
355810,2
520559,0
116986,-1
242175,2
214431,0
627510,1
372797,1
821047,1
859883,2
184039,1
575649,0
406507,2
208568,-1
371985,2
440835,2
647629,1
897754,0
802877,2
254620,2
306648,-1
80762,1
65253,2
221872,-1
655251,-1
400521,2
899111,2
213627,1
32882,0
127013,0
296021,0
246508,2
881303,0
877621,-1
913736,2
28168,0
616816,1
337927,1
60850,2
382625,1
306424,2
125916,1
887268,2
646241,0
833300,0
640993,2
185928,1
723717,1
161924,2
653426,1
326871,2
23219,2
694941,-1
511624,1
713841,1
757148,2
233609,1
481699,2
788178,2
258840,-1
180910,2
143846,0
397187,1
735956,0
697066,0
398754,1
159756,1
583833,0
347170,1
840626,0
976083,2
936082,1
707118,0
230817,0
647480,1
886880,-1
669722,2
89211,0
965203,2
205053,2
792494,1
810157,0
244378,2
953700,2
823363,-1
643295,-1
844388,-1
111866,-1
891158,1
658186,1
376161,2
733882,0
524949,-1
754796,-1
747068,1
260344,1
341280,-1
833793,0
456224,0
942777,2
813648,1
703664,0
454700,2
774633,1
713981,2
439771,1
877051,2
557810,1
999361,2
541390,1
843489,2
864943,-1
624938,-1
672160,2
651084,0
657393,1
730399,1
507652,0
836399,2
231,2
141372,2
67600,1
486188,0
788413,2
163707,-1
175537,1
899924,0
387467,0
300294,0
263648,0
546601,1
208409,2
988785,2
460408,2
596290,1
152927,1
330596,2
813049,2
29924,-1
966487,2
211780,-1
934971,2
396644,1
389863,0
151900,2
529295,-1
197911,2
795755,2
826090,0
10291,-1
827586,2
342303,2
467556,2
237893,1
182715,0
523321,1
363106,2
23004,0
928252,0
391847,1
675665,0
348827,2
729449,0
232059,1
171354,-1
161420,0
920419,0
125728,2
529144,-1
38443,2
923595,2
281501,1
755722,1
34877,0
948297,2
655292,0
624662,0
617813,2
872665,1
251854,2
836359,-1
798768,1
922488,1
446131,2
711942,1
132672,0
117315,2
786925,1
88937,0
841709,2
764509,0
263838,2
903611,-1
135121,1
144821,2
632162,-1
360173,-1
448103,2
678866,1
415234,-1
724647,2
665309,0
957065,1
224939,-1
133760,2
402953,1
647958,2
973496,1
211487,-1
970549,1
322361,1
758055,2
34105,1
684967,1
167784,1
645719,2
183603,-1
644988,1
417921,1
634015,2
855655,1
364166,2
818184,0
637913,-1
584433,-1
54701,0
417381,2
883513,1
518360,2
599938,2
638621,1
961715,2
697302,0
167532,1
65065,0
872916,2
199128,-1
977732,0
387630,2
42462,1
349811,0
534173,2
785799,2
403726,2
504476,2
32252,2
440593,1
892685,-1
536460,0
806307,0
670875,1
681122,1
781879,1
247068,1
112810,1
603763,2
340383,2
401550,0
397696,0
292460,1
46055,0
922725,0
420119,0
345844,2
495305,1
575462,1
353591,1
697999,-1
645309,1
775388,1
616411,-1
137885,-1
451960,1
789115,0
477120,2
471531,1
643397,1
981119,2
905720,0
527327,2
214262,0
764356,0
285265,1
109031,2
889920,0
918544,0
345862,2
626861,1
407425,2
112891,2
892965,0
500622,2
359206,-1
132398,2
141932,1
27158,1
312699,0
641045,2
548793,0
614023,0
195809,1
462314,0
505590,0
475827,0
347787,0
246778,1
974119,0
585186,2
76203,-1
637597,0
999983,-1
465780,1
735013,-1
290151,1
347870,2
446311,1
408612,2
196509,0
129739,-1
624840,-1
806364,-1
616197,0
376651,2
568226,1
51453,2
646773,0
462459,-1
932633,1
420183,-1
992903,2
968742,2
345859,2
890862,2
674121,2
268219,2
7655,1
497236,1
186163,1
706987,0
128531,0
315675,2
746780,-1
968654,-1
252133,1
53344,0
933095,-1
161392,0
694317,0
682757,1
583969,2
230320,2
927233,-1
702609,-1
449579,2
52493,0
275488,0
308521,2
960368,1
275530,2
833217,2
800449,1
244138,1
642606,2
370237,1
36966,2
12748,1
465047,1
688977,-1
843598,2
790157,2
242160,-1
628826,-1
446288,1
322424,0
803087,1
634079,2
825627,0
961667,1
33808,-1
198272,1
990123,2
469488,2
463957,1
880361,-1
584773,2
374553,-1
183275,0
113375,2
190844,-1
795230,0
444102,-1
259635,0
497056,0
205201,2
830570,2
177632,2
874661,0
204768,1
426709,-1
666101,0
728666,0
622683,2
539304,-1
490246,0
862832,0
91092,-1
629284,1
581779,2
767922,0
207825,2
488877,1
290673,2
587933,-1
12343,2
991667,2
366178,0
990370,2
345018,2
900182,-1
23133,0
813652,0
155474,0
265814,0
976781,-1
853893,2
125784,1
722067,1
203641,-1
455687,2
21780,1
739736,2
663336,0
669160,0
99220,2
736519,2
162533,2
272392,2
809568,-1
408446,2
293618,2
614427,2
448949,2
434123,1
694186,2
480120,0
343589,2
595575,2
880717,-1
302744,1
631761,1
706535,1
121619,1
177940,2
94004,0
300637,2
324458,2
336980,0
3151,0
390611,2
336024,0
811013,2
920143,2
824716,0
453544,1
368830,2
556824,0
744397,2
647697,0
539985,1
399389,-1
715168,1
784741,1
117318,2
568817,2
377392,1
111643,2
8723,0
262101,1
551225,0
377121,2
388278,0
387855,1
396758,2
821375,1
307577,0
11874,2
152947,1
373196,2
681799,-1
195033,1
470515,2
542193,2
786188,1
952036,2
782706,-1
232723,2
443670,2
685079,1
276015,1
373750,0
956265,2
847491,1
511736,2
301549,0
491260,0
502197,0
972927,1
740869,0
519113,2
573875,2
858962,0
528969,-1
570551,-1
883034,2
169392,1
269695,2
47454,0
391822,1
628083,2
644328,2
436950,-1
26551,2
647139,2
179680,2
363692,-1
483048,1
540983,1
788092,2
205106,1
785011,0
33426,2
338299,-1
240223,2
514220,1
767021,1
458376,-1
871950,1
648034,2
302254,2
638987,2
543051,1
518964,2
205963,0
895438,2
838812,2
396598,1
9385,0
53503,0
857881,-1
899149,-1
983942,1
717325,1
193613,2
287333,1
242144,-1
966042,0
167148,2
3451,1
223188,0
571929,0
484537,1
261371,0
333480,1
717182,1
18369,2
239212,2
713047,1
896499,1
19234,2
576063,2
865976,2
865858,2
214133,1
7500,1
461792,2
909060,0
896636,1
923236,1
363209,0
943350,2
23718,-1
732753,1
436406,1
226552,2
995707,1
860633,2
283389,-1
828750,2
750985,-1
10691,-1
968989,2
283169,-1
479441,1
49000,-1
895112,1
89198,1
731498,1
873492,1
748686,1
493732,2
666504,-1
291794,0
591070,-1
399545,1
898448,0
655033,0
653524,2
933765,2
98740,2
701254,1
460181,2
750030,2
745890,1
633094,1
885609,1
642211,0
893929,0
233330,-1
187583,1
1778,1
468742,0
757706,1
197401,-1
145207,0
969010,0
93645,2
262801,0
874333,1
593952,2
874815,1
792528,0
96606,1
104081,0
951844,0
240191,1
741518,0
490704,0
787476,0
356997,0
804006,1
873876,2
623346,0
987897,1
914419,2
412157,2
2028,0
605102,0
749238,2
307392,2
397422,-1
338237,1
80541,0
449512,0
294833,-1
413620,2
387693,1
450373,2
589886,1
516932,1
581483,2
346955,2
734933,-1
288357,0
303455,0
224575,1
576795,2
15284,1
573941,0
919384,1
719494,1
24551,1
183366,1
336178,2
634250,1
609196,0
974078,1
839965,2
232062,-1
924312,1
575336,2
124851,2
806164,0
732761,1
500599,2
412117,2
906349,0
913803,0
393406,1
189856,1
310554,2
919892,2
569801,2
817363,2
440342,1
720834,1
406014,1
142478,2
759688,2
371839,0
628608,2
488708,1
498562,2
43007,0
466461,2
103442,1
685532,-1
488405,0
681057,0
353092,0
284569,-1
395034,2
366099,2
577799,2
854121,1
264258,1
349261,-1
122095,1
910800,0
638147,2
101951,2
309070,0
570235,1
59157,0
669686,1
558941,1
51268,2
991319,1
514870,0
52275,1
44216,1
326352,2
930456,1
837886,1
425286,0
354627,-1
590555,2
540462,-1
981998,1
135020,-1
981661,0
805343,1
776590,1
700547,2
575771,2
810435,1
107181,2
122281,-1
556956,1
77126,2
290670,1
517369,2
808687,1
114203,2
15842,1
102935,1
23002,1
404865,2
567081,2
211891,2
619002,2
684757,1
179146,-1
935520,-1
824330,-1
150637,0
119377,2
768227,2
149919,-1
669199,1
185722,0
336736,-1
544432,2
461608,0
543004,2
34682,0
92880,0
215890,1
888835,2
181401,0
189154,2
872090,-1
845259,-1
218304,2
567409,-1
399514,1
672209,0
4403,1
445740,1
464276,0
886163,0
187666,2
160670,-1
285723,-1
272753,0
170877,2
698764,0
132467,1
39110,2
606934,-1
17095,2
13523,1
462723,1
389239,1
587505,2
690523,2
253146,2
167461,1
716193,1
754194,1
937593,2
795201,0
941129,0
951756,0
541050,-1
676119,2
383346,2
318732,1
177261,-1
374551,1
335242,-1
669156,-1
147257,1
631258,2
577768,1
556221,-1
172964,2
767518,0
905221,-1
937706,-1
676551,0
411028,0
968883,-1
65085,-1
974176,2
281304,2
860156,2
885791,1
174569,0
674895,1
70824,2
604290,-1
927676,0
731245,1
143452,2
342692,2
871087,2
761613,1
798311,1
635795,2
700014,1
791049,0
279700,1
507646,1
444407,1
465916,0
134834,0
852541,1
962364,2
176463,1
992510,1
975849,0
420299,-1
704863,-1
421447,1
935240,2
461836,-1
819440,1
419330,1
535890,2
841407,0
826224,-1
546860,1
624360,2
587419,0
389504,1
860824,2
793887,2
945522,-1
436399,1
797196,-1
642292,-1
258901,2
233757,2
875599,2
860413,2
922066,1
719718,1
667210,2
954662,2
593300,0
491493,1
943128,1
670317,-1
550089,2
152533,0
725903,-1
685530,2
679978,-1
247717,2
803475,2
776944,2
232693,0
752730,2
526205,1
831699,-1
739965,1
251342,1
718512,1
816966,2
903146,1
891315,1
787078,0
21589,0
322283,0
867456,0
22847,1
520018,2
767439,0
808874,2
257679,2
635476,1
336477,2
398328,0
386898,-1
559407,2
658452,2
64700,2
636423,-1
906223,-1
773709,2
441850,1
133043,-1
553119,0
632138,0
320905,1
975115,-1
38430,-1
733245,2
384813,-1
464528,2
786000,1
684182,0
221073,0
965970,-1
691400,-1
691422,1
63149,1
94816,-1
613499,0
910979,1
50617,0
529874,2
144763,2
477049,1
718864,2
799336,2
429124,-1
16399,1
389891,2
803662,1
45923,1
260020,-1
780749,2
618441,0
139969,-1
723808,1
188951,0
609927,-1
98321,-1
513818,0
943916,2
847508,1
425538,2
231808,0
618984,0
810170,0
952783,2
310439,0
955627,1
201714,0
253507,1
336728,0
739980,1
652034,-1
786046,-1
338331,2
978337,2
559940,0
930566,2
619635,0
44405,1
436944,2
609023,1
888451,2
565182,0
230971,0
966471,0
633801,1
596337,2
434014,0
876617,2
60545,-1
971322,2
634921,0
851954,1
717758,1
421679,2
890281,1
665551,2
356135,0
963332,2
574829,-1
81371,2
603906,-1
468076,1
659606,2
97195,-1
493580,2
880721,2
96026,-1
252046,-1
856130,1
472832,-1
209090,0
609183,1
514259,0
681249,2
25872,2
408169,2
905925,1
459544,0
913419,2
71764,1
92104,1
74545,2
870533,-1
393229,0
686549,2
299868,2
725140,0
661441,-1
474203,0
242949,-1
179621,2
537577,2
847478,0
884263,1
793221,1
819944,1
490010,0
939135,2
323575,0
893288,0
116830,-1
362231,-1
471844,2
176547,-1
565202,1
329502,2
638907,2
614055,1
51534,2
945333,-1
122940,-1
469138,1
880749,2
778694,1
104364,1
368719,2
193727,1
665192,1
565739,2
343223,1
279885,0
892105,1
140680,-1
790521,0
412336,2
445997,0
779795,2
681616,1
367686,2
506370,2
132168,2
759108,0
607329,0
833214,2
989639,0
381419,2
152267,1
84283,-1
983881,1
657049,2
460356,1
700177,0
724623,1
269340,2
535460,0
552058,2
163554,2
243130,1
943320,1
931056,2
574005,0
321998,0
313038,1
651974,1
744160,1
911544,1
28314,0
420118,2
865942,1
782992,2
175154,1
65902,0
787883,2
791692,1
207757,1
976442,1
758755,0
867625,1
607007,0
938596,2
994970,1
528695,-1
534510,0
661942,2
715352,2
786120,2
840591,2
649191,1
229841,1
783682,1
218198,1
446581,1
936827,2
152582,0
728227,2
11920,2
622280,-1
735540,0
9279,1
757282,0
904522,0
347211,2
820479,2
756206,0
678920,0
440259,2
559157,2
406889,1
388681,1
88041,2
854980,2
922520,-1
213898,1
145369,1
860687,2
680519,-1
321220,0
882331,1
907463,-1
335976,-1
622805,0
349122,0
324368,1
581146,1
455964,2
160166,2
580239,2
18671,0
716376,2
979435,0
252476,0
838635,2
846835,1
981163,1
236535,1
927987,-1
710593,-1
610576,1
758414,1
18822,2
424206,-1
154236,0
729958,1
407521,1
824810,2
554576,2
996125,2
508149,1
280895,1
110710,1
583480,1
667841,-1
949978,0
396471,-1
837179,0
737124,0
294524,2
641827,0
416947,-1
515505,0
588319,2
604614,0
446458,0
37360,0
704078,1
544705,-1
63842,0
901931,1
269577,2
138417,0
426497,2
674947,0
247478,0
209270,1
992108,2
255923,1
972520,1
942975,2
664932,0
799405,2
937887,0
173729,0
485359,-1
134379,1
760079,2
398627,0
32929,2
299783,2
44735,-1
728497,-1
183312,0
94753,1
14623,2
353731,-1
297818,0
713609,-1
362414,1
34025,0
704233,0
579173,2
591696,2
315835,2
270023,1
926733,0
30642,2
665957,0
28337,2
417278,0
50742,2
358351,1
200711,0
389793,1
454424,-1
717217,2
294907,0
198716,2
606121,2
970000,2
398295,1
849951,2
971806,-1
500923,2
307702,2
960324,0
645317,-1
29213,2
477346,1
299162,-1
544515,-1
880298,0
612332,1
766985,1
361680,0
302664,2
200394,1
447949,2
99648,1
928859,0
83796,1
925802,-1
294633,2
303648,2
314580,2
572088,2
200392,0
641822,2
385091,0
556789,-1
203724,-1
296730,-1
916865,1
435206,0
797442,1
586862,1
544527,-1
342507,2
159414,-1
873750,0
240786,0
912315,2
430947,-1
502009,2
406685,-1
783825,2
994307,1
826534,2
958248,2
965880,2
641657,1
250465,0
447013,2
855359,1
807064,2
986805,-1
461201,2
488707,1
895905,1
801388,2
34910,1
242159,0
45534,2
976055,-1
937872,1
838818,2
590122,-1
21289,2
762446,1
164145,-1
397452,2
95291,0
870694,1
419126,2
314286,-1
951661,2
187089,0
375759,-1
679611,-1
422353,2
886918,2
678095,-1
839278,0
379592,0
738080,2
336714,2
1816,2
657388,-1
683321,-1
477660,2
223453,1
421643,1
43719,1
381965,1
294032,2
109220,1
874526,2
440019,-1
927947,-1
574554,1
128567,2
378707,2
592854,2
456458,0
962041,1
750953,2
52542,1
122796,1
187289,0
265431,0
828671,2
244357,1
753421,2
204521,-1
14384,2
938581,2
739493,0
272480,0
293270,1
407620,2
221779,2
700583,1
491385,2
648006,2
271260,2
68436,1
7675,2
820467,2
957518,1
192926,1
970423,2
960163,-1
458966,0
644790,0
85869,1
775140,2
802518,1
110473,1
640417,2
280223,-1
494357,-1
174044,2
731471,0
3723,2
3202,0
549109,2
873234,-1
580874,0
56879,1
608787,0
151713,2
457952,1
155514,1
572568,0
471996,-1
749681,2
85658,2
509974,1
45633,2
163316,1
168820,1
540509,0
203774,2
589068,1
930997,0
327726,2
673125,1
470462,2
275391,1
723919,2
446680,2
141194,-1
583867,1
302930,2
757862,1
649240,2
551327,1
162535,-1
715022,1
356711,1
279120,-1
564,0
121545,2
242286,1
625921,2
216342,1
534568,-1
173469,2
451677,2
565007,1
858239,0
707167,1
581249,1
833702,-1
14926,2
448775,1
864201,2
15881,-1
57888,2
525539,2
672859,0
297051,2
413953,1
20613,-1
783978,1
44946,2
739146,1
242763,0
427532,2
482620,0
338775,2
963222,0
853096,0
178136,2
507896,-1
872710,0
756649,1
427921,2
236300,0
472843,2
585050,1
722000,-1
652221,2
157054,1
758676,2
842465,2
212791,1
695776,0
699957,2
232164,2
517116,2
930064,0
576283,0
265567,2
17842,2
798939,1
168339,-1
106814,2
825225,0
360538,2
612554,1
853657,-1
98480,-1
177484,1
777232,1
768047,2
881405,1
671404,1
329427,1
184153,0
859092,0
456205,2
280330,2
203075,0
272683,1
102279,0
251364,0
691018,2
171437,2
584523,2
352915,1
938918,-1
118705,2
362862,0
162835,1
684924,2
192051,2
302733,0
338757,1
964326,0
84507,1
785363,1
504198,1
232387,0
169990,2
191543,1
746266,2
389694,-1
202010,1
693828,2
234488,2
933815,2
536804,1
568070,1
757915,2
214113,0
430081,1
219191,0
154202,1
265504,0
192317,1
231203,1
921692,0
582394,0
103419,1
469177,1
67327,1
409807,1
576187,1
550239,1
648313,1
375610,1
288718,0
661607,2
440008,1
937627,1
721289,1
287145,2
281673,2
886513,0
407091,1
42518,2
742525,0
118175,1
339939,2
746758,2
47529,0
750212,0
162028,0
937194,0
491132,0
474018,0
361042,0
799826,2
513377,0
329632,0
994041,2
721268,2
93850,1
610899,2
418447,2
502706,1
910420,2
103571,2
338728,2
143979,1
908115,1
224771,-1
203179,0
784900,0
795672,2
197824,-1
158701,1
863844,1
678273,-1
291587,2
380473,-1
144028,2
296369,2
100221,1
353354,0
74660,0
359734,0
593537,0
461573,-1
787803,0
498737,0
700957,2
504538,2
736901,2
651995,1
853083,0
582931,0
356177,1
140282,2
615437,-1
59916,-1
358757,1
144672,1
239716,1
661831,1
795858,1
124164,2
129832,2
112460,0
242681,2
160144,2
422103,-1
546746,1
219843,0
151006,-1
190868,2
994821,-1
531825,2
35242,0
858151,2
432143,2
12320,2
831941,-1
584499,0
524383,-1
795138,1
152972,2
703808,0
620420,1
465164,2
384067,1
231989,1
946557,2
154720,0
948569,2
435694,1
300631,2
702259,1
881456,1
870399,0
997972,1
662440,0
733984,0
578706,2
232381,1
20967,-1
277542,-1
191551,1
11712,1
729970,1
937412,2
515785,0
27412,1
626724,1
718433,-1
467242,0
127677,2
515849,2
962814,1
73851,-1
448294,2
388958,0
88600,2
815016,1
342255,1
315500,1
397781,1
497256,2
900685,1
895026,1
837882,-1
857718,0
645914,0
429221,2
733705,0
644143,2
168585,0
823781,2
732801,2
484639,2
144983,1
558804,0
78602,1
509354,1
59464,0
702425,2
194139,1
354470,2
697242,2
959223,0
925997,-1
964409,0
552441,2
704720,2
637471,2
392090,2
429352,0
418244,1
212699,0
433115,1
596894,0
744616,1
700389,2
499577,0
939324,2
444327,2
899081,-1
562893,2
430444,2
590926,2
301275,-1
341119,2
629890,-1
292105,2
598093,2
578681,2
450187,0
806371,2
377791,-1
552683,0
310662,2
493968,1
213428,0
323918,1
659778,0
931821,2
466144,1
485827,2
576534,2
880020,-1
983767,0
307996,1
901703,2
787373,0
488684,1
138535,2
116502,0
418892,1
695046,1
601032,1
260117,1
84408,1
438427,1
260358,0
564732,1
727187,2
126996,0
166715,0
941101,2
963211,-1
206732,0
754664,2
991119,0
573773,2
733913,2
324298,2
286589,-1
452072,2
574560,2
582553,0
387930,2
106633,1
209318,1
247440,1
645123,2
632243,2
41005,1
510964,1
126015,2
925313,-1
946901,-1
645629,0
568781,2
966168,1
164600,1
76245,2
54719,0
7509,1
434728,2
68985,2
889229,1
617853,1
230037,-1
598028,1
934017,2
204685,2
275992,2
365621,0
71091,1
972408,2
109470,2
79549,0
362284,0
87027,1
7240,1
703452,1
145197,2
1945,-1
712767,0
511943,1
228503,2
675038,0
850882,2
157092,-1
993050,0
190667,1
56081,0
320095,1
124432,1
929212,2
770494,2
759292,0
726964,1
355876,2
932500,2
251875,1
147687,2
124352,0
567215,0
47328,-1
384546,2
714132,1
744069,2
904328,1
174271,0
946120,0
340483,1
280836,2
44911,2
438926,1
502640,-1
613771,1
295236,1
651182,-1
113815,1
70411,0
770580,1
425733,1
952906,-1
859485,0
567060,1
533881,2
470525,2
848469,1
568784,2
877185,2
168726,0
587093,2
987387,2
342669,2
725378,1
487075,2
344476,2
332836,0
767844,2
262960,-1
71648,-1
529828,2
980495,2
389168,-1
981338,1
795799,0
976940,2
96321,-1
41753,-1
194110,-1
504128,2
780124,1
356023,-1
398872,-1
345019,2
776169,2
359849,0
311294,-1
618627,0
155605,2
397357,1
880594,0
282389,-1
8701,1
646950,2
701935,1
867236,2
169205,1
677356,0
551956,2
239983,1
829555,2
90918,1
604275,1
172579,0
9475,1
924591,2
676803,1
715117,-1
795553,0
672587,2
273880,0
29004,0
596291,2
594134,2
684013,-1
262766,1
332492,-1
33218,1
511329,0
626443,0
76165,2
210055,0
145456,2
131138,0
864046,0
226831,2
641620,0
121792,0
593310,2
998283,1
366049,2
790955,2
484959,-1
518884,1
444593,1
285948,0
262411,2
544648,2
181962,2
29667,0
101815,0
484679,2
165310,-1
991755,-1
753084,1
645827,0
797101,1
652094,1
415350,1
988696,1
254341,-1
619928,-1
733556,1
874389,-1
889535,-1
18492,1
212156,0
446936,2
99337,2
366122,2
857685,1
752290,0
784519,2
841029,0
818114,0
391759,-1
218217,2
514458,2
725621,2
277280,1
960351,-1
497022,2
673763,2
576817,1
113307,2
623916,0
650738,2
647394,1
764007,0
732898,0
391659,1
175838,2
467890,0
648786,0
192616,-1
280107,2
231690,2
760479,-1
220087,2
27968,2
435534,1
906542,2
682632,2
807456,0
985511,2
531101,2
405436,-1
477213,1
440967,1
334834,0
906815,0
478680,-1
184856,1
527493,-1
562159,-1
244745,0
642003,2
357986,2
46480,-1
49925,1
979680,2
662792,2
75837,1
943024,0
576033,2
345642,2
634597,1
743366,2
573632,2
292228,2
843750,1
510205,2
709542,-1
228488,-1
922831,1
579403,0
395851,0
440675,2
714011,-1
679588,0
154261,0
701991,2
78214,2
807282,1
668050,2
734739,-1
385189,-1
413920,1
651019,-1
255286,1
258396,1
931784,2
79989,0
628610,2
439993,-1
898414,0
681341,2
150769,2
710936,-1
616628,1
811994,0
556747,2
843257,1
99188,0
427006,0
97899,2
706552,2
717134,1
920814,2
583327,1
738594,1
506262,0
63123,1
929360,-1
741854,2
305707,0
837793,0
742000,2
918334,1
956244,2
493656,2
155104,0
598173,0
693350,1
858955,0
648396,1
381704,1
761694,0
880806,1
227080,2
623268,-1
983828,-1
802279,2
987980,2
211241,2
265042,1
174321,1
461455,1
399200,2
52238,1
619713,1
219773,2
276473,-1
868018,1
758458,2
929280,2
589155,1
266361,1
914494,1
560119,0
486451,0
881623,0
219667,2
380317,1
221371,1
37074,0
713540,0
548241,1
611865,-1
987116,0
322192,2
216069,0
629946,1
13575,1
811195,-1
265187,1
664758,0
682704,1
403445,-1
254631,-1
616375,0
772787,2
964612,0
126727,1
804398,-1
904502,2
771068,1
996118,2
48173,-1
210227,0
236789,1
70995,-1
706649,2
785152,2
905971,0
895249,2
637993,0
626143,0
181536,1
462251,0
146057,0
186483,1
955391,2
627421,1
677657,1
109807,2
2354,0
596661,2
697797,2
449687,1
89035,1
934819,1
474445,2
499061,1
222175,-1
816137,2
958446,2
451394,-1
988130,0
39619,-1
531092,0
970953,1
6685,2
57260,0
339478,0
854673,2
391664,1
105187,0
489312,2
605384,0
345792,1
498080,1
442883,1
366507,-1
268424,1
548053,-1
816356,1
319790,2
406053,2
749147,1
860970,0
848457,0
163149,1
133966,2
800062,0
702964,0
44870,0
370116,2
264,2
691694,2
386234,-1
622990,1
761421,2
550240,0
18557,2
880977,1
900311,0
290640,1
834981,-1
805937,2
5660,1
937229,2
602273,-1
756623,2
314251,1
859126,1
625840,1
628722,0
31683,2
637301,-1
861106,2
962504,2
413768,1
509887,2
252731,1
795288,1
710479,1
174945,2
579830,2
229717,-1
144271,2
379189,0
290199,2
200446,1
128390,-1
699939,-1
108841,1
312441,2
864148,2
950584,2
961196,-1
685323,0
805401,2
698939,1
814000,2
58299,-1
23273,1
995061,-1
676193,-1
546056,2
655182,0
69773,2
587608,1
17138,-1
280642,1
371093,1
779346,-1
818106,0
318382,1
767509,0
777623,2
107387,2
130632,1
187272,1
566063,1
286832,0
63870,2
128230,1
197323,2
716749,0
957299,2
274019,-1
203658,0
191203,1
267003,2
716822,1
375666,1
823132,2
377725,1
18572,1
356855,2
105902,2
827866,2
478653,-1
349139,2
68048,1
635269,0
363713,1
87799,-1
915713,0
609213,-1
1868,2
777800,1
574642,0
858064,2
638221,-1
480115,1
596549,0
573227,-1
667910,2
269505,0
681429,-1
980390,2
904230,1
261374,1
889016,-1
1873,0
427871,0
574530,0
602979,1
347948,2
282595,1
412481,2
380725,1
63535,1
734774,-1
179529,1
633917,-1
894682,0
158195,1
763806,2
848639,0
194609,2
865198,2
565875,1
496725,1
953477,1
630968,1
737186,-1
526033,1
404501,0
558384,-1
904548,1
328893,0
455263,-1
411075,0
370060,0
116665,0
432933,1
608567,0
908282,1
66979,2
599838,2
543212,2
885689,0
443882,-1
876929,1
887643,0
624540,2
34911,1
580022,0
198211,-1
630440,2
542738,0
871903,0
716228,2
406230,1
668064,2
314274,2
257686,2
101227,1
25290,2
375891,2
34010,2
40365,2
853758,0
788125,2
213338,0
180139,1
55654,0
834951,1
627875,2
251339,2
440126,1
272326,2
644600,1
398471,-1
802594,0
573749,2
52505,2
434584,2
438631,2
427939,2
915148,2
860272,0
368060,-1
774835,0
354242,2
570617,1
70495,0
135174,1
682907,2
372076,2
367591,-1
815570,0
629181,1
829720,-1
221249,1
819991,1
237193,2
541924,2
27354,1
91111,2
182572,1
84978,2
353319,2
760882,0
166329,2
640783,-1
328610,0
7783,1
610090,-1
880345,-1
259391,1
254046,-1
483168,0
634613,2
794011,-1
864337,1
804186,2
188819,1
133114,-1
302105,2
879752,1
536387,2
193423,0
657857,-1
380045,0
594314,1
570237,1
670097,1
918209,0
837336,-1
74832,1
599202,1
345439,2
597691,-1
623359,1
154926,0
543345,0
47506,1
968726,0
417810,0
143490,1
378655,2
946596,2
35342,2
622888,-1
832165,1
192832,-1
97549,0
495487,1
766048,1
939033,0
138800,1
228761,0
574754,1
626985,2
433348,-1
192355,1
963107,1
999981,-1
617958,1
952959,1
959362,1
192609,1
66246,-1
358555,0
813493,0
382756,-1
199914,2
266290,-1
553116,-1
993994,1
660130,-1
589516,1
46337,2
514759,2
162622,0
644185,-1
739106,-1
971561,1
659698,2
151215,2
416432,0
769917,0
788844,1
492700,1
425952,2
235477,2
527302,-1
958454,1
602185,0
532355,0
421607,-1
479614,2
438859,1
543088,1
462257,0
590371,0
10969,0
589424,1
464478,-1
429596,0
798448,1
23909,1
376272,0
923193,-1
823747,1
457355,1
347052,2
66502,0
299715,0
312547,1
826591,1
230066,1
907342,2
185909,2
964603,1
652858,1
673484,-1
659850,1
325061,2
91808,1
123801,2
513943,1
860175,1
815056,1
486326,2
855450,0
240653,0
757775,2
650557,0
610842,1
399725,2
348551,2
83045,2
70637,-1
237678,-1
222133,1
865701,-1
68152,0
767679,0
389088,2
575093,2
755276,1
125235,0
117833,-1
850199,2
665252,1
354103,2
85482,0
96215,1
420392,2
836749,1
96112,-1
442655,2
493632,2
250104,2
431638,2
260943,-1
28195,0
228403,1
434759,0
609858,2
726626,0
836744,2
387382,0
566453,2
43761,0
815572,1
127076,1
350807,-1
37942,1
367769,2
374290,0
181464,2
806379,2
61948,1
531906,2
658791,0
322278,1
901920,0
963328,0
405596,1
11922,2
74085,0
616402,2
280716,2
798339,1
133412,2
739578,1
480835,2
529150,1
174969,2
278166,-1
773548,1
737855,2
410542,2
211669,2
423622,2
708256,-1
448983,-1
186031,1
169019,-1
101779,2
650180,1
926550,0
138491,-1
391450,2
934166,0
697839,1
720023,2
971780,0
748213,2
926054,1
308665,0
210959,2
757381,1
519967,1
517695,0
828619,2
786684,0
654141,2
26799,1
291929,-1
482170,-1
853745,0
300939,2
510814,2
167713,1
265139,2
155267,1
228872,0
384335,2
813193,0
38282,2
183876,1
720812,1
109534,0
259492,1
246290,0
763749,1
642286,1
867952,1
8216,2
320110,2
21464,1
310567,0
615005,0
53859,-1
297063,2
264190,2
443998,1
757742,1
754862,0
725854,1
890956,-1
321055,0
634254,1
235754,2
558955,1
65287,2
484377,0
10455,-1
286352,0
113454,1
461270,0
488570,1
887186,2
758368,1
814188,1
8804,2
919559,-1
902551,0
836655,2
259266,-1
843290,1
89878,1
177737,0
709915,2
538854,0
916160,2
226541,2
138347,2
189907,-1
835957,1
2453,1
288234,2
892628,0
347594,2
235588,1
468709,-1
475853,1
508767,2
141974,2
505807,2
966179,-1
800564,2
897987,1
566665,0
31082,-1
893407,0
497793,2
271869,0
952902,1
249204,1
425573,2
857643,2
970991,1
820814,0
771165,1
522475,1
134378,2
208843,2
781292,2
488788,1
56755,1
677231,2
430403,1
492666,1
690704,-1
86820,2
729700,0
910595,-1
627411,2
544675,2
236936,2
707145,1
723320,2
534852,2
585851,1
789872,2
489844,1
626956,2
520654,1
466279,-1
615839,2
340614,1
578623,-1
986836,1
699946,0
491981,2
302985,1
821321,0
872096,0
83112,2
916902,0
74318,2
41781,1
108426,2
540514,1
350015,-1
504130,0
569630,1
48076,0
582428,0
678581,1
933542,2
204455,0
483251,2
101551,1
596456,0
98551,1
136985,2
378502,2
661017,1
631081,0
397495,2
429301,0
653053,2
873776,1
85162,0
721865,2
142098,2
957871,2
885270,2
63750,1
258944,1
86728,2
70534,0
790364,1
643306,0
298528,0
240070,2
445578,0
678471,1
112618,2
838761,-1
604353,2
355764,2
829347,2
157025,0
528161,-1
439782,-1
412030,-1
764877,1
53914,1
197159,-1
87861,0
626983,0
852887,1
130659,1
532269,2
721124,1
207930,0
555759,2
971279,1
303159,0
507693,2
465871,1
934290,2
182683,-1
825197,2
436717,-1
866022,1
113016,0
244750,0
502527,1
162559,0
463464,2
763405,0
18702,1
238567,2
704788,1
651389,0
744950,2
129143,2
384556,-1
76106,2
256890,0
520293,0
889555,2
746129,0
427951,2
731007,0
429288,2
20860,-1
993045,0
176478,-1
895762,2
569333,-1
212305,1
725658,0
728982,0
933352,1
484356,1
255786,2
829635,1
334593,-1
188684,1
815072,-1
442122,2
36020,1
421230,2
627623,1
980821,-1
781008,1
645631,2
163845,2
949415,2
284280,-1
961923,1
138561,0
935550,2
832262,2
712116,2
713337,2
784039,1
702165,2
738465,0
132050,2
499967,0
367567,2
623626,2
825528,2
375901,-1
810713,0
712277,0
102007,-1
187527,2
378155,1
634492,1
675346,1
901159,-1
466180,1
915897,2
804521,1
145454,2
178673,2
617471,2
875322,1
129150,-1
622678,2
21744,1
704991,1
519115,2
380592,2
268542,0
291316,2
338268,1
239293,2
531330,2
300066,1
50540,0
113908,0
585990,2
752092,2
79291,1
347916,0
864940,0
7787,1
629207,2
575917,1
432436,0
597885,0
173756,1
867822,0
278415,-1
528119,2
118755,0
356576,1
748080,0
51429,1
698409,1
388085,1
307283,1
704405,1
812733,0
717339,2
293579,-1
406738,-1
228132,0
286368,1
577734,1
135143,1
620854,-1
369683,-1
323400,0
417301,1
436059,2
721249,0
773767,2
333656,-1
568768,2
43272,2
938568,2
172948,1
983276,2
803312,1
76720,1
511620,0
512613,0
984860,2
95573,1
850914,1
482213,1
269621,0
193531,0
595368,2
107866,2
469303,0
818727,2
635858,2
965686,0
299643,0
624867,0
304109,2
88015,2
26930,1
764165,1
830407,2
533945,2
832256,2
730474,2
142120,2
52465,0
970804,1
415836,2
605423,0
472333,-1
248830,2
47690,-1
816723,2
278217,-1
204745,0
100347,1
17989,0
385330,1
659215,-1
575962,2
41877,2
147107,0
12509,-1
873931,2
961460,2
991948,2
882799,1
597075,2
397560,2
922131,-1
516390,-1
36679,2
355749,2
111961,0
333377,2
519677,1
292196,-1
200571,0
532693,0
696374,2
36398,1
963871,2
760952,-1
507103,2
243383,0
51662,2
788143,1
193781,1
102407,0
76051,2
41988,2
29210,1
733080,2
985373,-1
872691,0
49560,0
198799,0
601351,1
767895,-1
88166,0
272120,2
761653,1
439734,0
225986,-1
271947,1
20794,1
172350,2
93349,0
207577,1
193393,0
919838,1
303267,-1
215238,-1
753001,2
860932,2
731781,0
772579,0
945782,2
565594,-1
668399,1
187894,2
24733,1
127237,0
57546,1
813037,0
365946,2
486202,-1
226177,-1
83339,-1
475772,0
733562,1
672377,2
325473,-1
960228,2
338453,-1
303865,1
984308,1
176390,-1
110266,1
723823,2
713426,2
65837,1
959568,2
259915,2
414319,2
734239,1
951585,2
991551,0
538053,-1
159032,0
760242,1
511303,2
205139,-1
713411,1
404299,2
520934,-1
962258,0
589683,1
879487,1
595853,-1
893537,1
510701,0
506168,-1
935401,0
172217,-1
107737,1
843898,2
75963,2
792583,2
788850,1
171453,-1
721682,2
504393,-1
457122,2
967876,1
778564,2
384288,0
918649,2
932202,1
596826,2
533476,2
510491,1
542316,-1
994967,2
19929,1
600094,2
415619,2
954438,1
68040,-1
621500,0
219085,2
511936,1
24310,0
92102,2
606534,2
71316,2
680063,0
322709,2
489062,0
508651,1
727703,2
4932,2
962717,-1
261801,0
235490,2
526141,0
464597,-1
402932,1
874966,0
38647,1
874952,-1
45839,1
11704,-1
415601,2
62116,2
857982,2
270552,1
916824,1
195763,1
580302,1
746004,2
21524,2
756045,-1
291523,1
168193,1
951740,1
719914,-1
221414,2
46653,-1
682720,2
358950,0
287098,-1
98062,2
129794,1
881908,0
346851,2
420600,-1
496637,1
184565,0
806189,-1
309088,0
377531,2
767728,2
366827,0
268773,2
434121,0
416182,1
768348,2
451039,-1
141243,0
400389,1
984894,2
844684,-1
413599,1
366303,0
934357,0
710000,2
76567,2
273418,-1
169343,0
158615,-1
568416,2
529243,-1
951670,1
163851,2
111020,2
222806,0
504194,2
403341,-1
409964,1
164886,0
575926,2
50353,2
511508,-1
824922,1
306457,2
791734,2
320087,2
389556,2
7867,2
266834,0
297246,2
972720,2
832558,-1
973815,2
121239,1
173190,0
347349,2
801067,2
554970,2
942489,-1
318547,0
433231,0
214255,2
964352,2
296345,1
369301,2
786938,-1
248151,1
706539,-1
243277,0
1848,1
988928,2
829412,1
876162,0
983975,2
920807,1
857409,1
642964,1
740115,2
287561,-1
65414,1
115578,-1
996029,-1
530221,-1
390917,2
879745,1
664859,2
29179,1
329827,1
76057,1
815249,0
516224,0
879490,1
870513,2
447999,-1
282117,1
551584,2
896735,1
378299,2
362462,1
817340,2
339234,0
384300,0
372535,1
481501,-1
22762,0
485119,0
960924,-1
1286,1
484608,2
96406,0
119877,1
704187,-1
639303,0
226794,-1
466728,2
267290,2
197811,1
192879,-1
541183,2
268167,-1
222652,2
389701,0
778178,2
899742,2
611148,2
412287,1
154379,1
337433,2
4992,1
952134,2
614950,1
433589,2
431329,2
973104,2
345041,2
9154,2
159443,-1
328167,1
410690,1
560172,1
475421,1
693871,1
765176,1
473084,1
948517,-1
614570,1
240361,2
179722,0
221023,2
147626,1
82010,1
660216,2
954078,2
201149,2
362596,-1
306287,1
480623,-1
83287,2
860488,1
659668,0
443467,2
401669,2
605414,1
411340,1
6215,1
34173,-1
927611,-1
417370,1
829063,2
955137,2
974180,2
513478,2
63637,2
3608,1
143481,2
279637,2
12633,-1
91354,2
456539,-1
103459,1
724466,0
917465,1
677645,1
625671,0
368134,2
418287,1
830297,2
850990,2
99241,1
713539,0
776332,2
611692,-1
378145,2
692646,1
551222,0
41841,-1
676647,2
964118,1
829668,2
416481,0
585188,1
119077,2
122135,1
541838,2
176060,0
864487,-1
751214,2
219125,-1
660479,1
490868,-1
826967,-1
129768,-1
750892,2
720402,0
453224,-1
704902,1
796499,2
533138,0
751954,1
654466,-1
379806,1
584321,1
21580,1
628187,2
604103,-1
324896,2
403714,-1
679294,2
288757,1
885811,1
87060,2
226855,2
208873,2
385795,1
36354,2
231516,2
898881,2
439774,-1
41702,0
697039,1
118268,1
230412,2
401943,-1
317235,2
190442,1
324957,2
211902,2
719624,0
422031,1
941377,1
125441,1
242012,1
242306,1
342079,2
656786,0
665159,0
449945,1
879883,1
749307,0
66606,2
635824,0
810058,2
281353,-1
708472,2
819973,-1
867318,2
608853,1
972226,0
800498,0
793922,-1
198481,1
252111,1
325911,1
485103,2
672238,-1
18275,2
144361,2
995474,2
392717,0
308265,-1
39492,0
69444,1
12457,-1
212664,0
816340,0
606236,2
194914,2
216293,2
303599,1
343159,0
206331,2
524269,2
434114,1
86292,2
987282,1
562537,-1
404732,0
764897,2
816811,2
377492,0
46126,0
637184,0
432808,2
314173,1
515732,0
838114,-1
66701,-1
621746,2
266646,2
560557,1
793372,2
913750,2
139199,0
420137,2
292903,2
651987,2
157858,2
270569,2
362026,2
443999,-1
588978,0
211628,1
609004,2
482845,2
598339,0
943724,0
794232,-1
272594,2
899087,1
429784,2
760840,0
28149,-1
808742,1
150908,2
768682,-1
820329,1
173226,1
259838,0
368871,1
855825,0
786513,-1
156853,2
789157,2
5991,2
734105,2
30992,0
467775,0
111368,-1
973179,0
861404,0
95859,0
640918,2
222268,-1
715936,0
615609,0
964807,2
950784,0
754178,-1
897363,2
389753,-1
968374,2
610718,2
821120,2
792286,-1
306378,1
944027,-1
672988,1
926873,-1
576218,2
614007,0
548378,1
768017,2
654397,0
235861,-1
391370,1
186071,2
824006,1
663965,2
823710,-1
378005,2
730502,-1
314573,2
385871,-1
434233,1
802739,1
521973,0
875614,0
307688,0
331041,0
901681,1
465021,0
247820,1
203128,1
229310,1
227668,2
970187,2
948579,2
240077,1
792835,1
541891,2
376905,2
420718,0
462840,0
88860,1
83832,-1
739920,2
787253,2
105649,0
4602,1
765248,0
112884,0
732506,2
666883,2
539233,1
715698,-1
694079,0
6025,0
422546,2
926173,0
303801,2
179173,-1
339152,1
225522,-1
277373,1
413184,0
607498,2
811297,0
72944,-1
868808,-1
668850,1
394292,2
222476,1
571858,2
676920,1
171213,1
231952,2
644763,1
711281,1
329512,1
351285,1
780051,2
494771,2
276685,-1
458846,2
5049,2
966777,-1
610678,-1
821446,0
987377,2
766106,-1
169484,1
260149,1
593061,1
734995,1
209613,0
626252,2
667510,1
743735,1
805447,1
323315,2
568282,-1
637648,-1
84755,1
755282,2
704830,2
396421,-1
479893,1
959482,1
970686,2
221268,1
144987,2
937007,1
325308,0
550486,-1
583351,0
737106,1
6394,-1
867691,-1
786510,2
157931,1
532896,2
826598,0
799476,1
776730,2
880076,-1
278774,1
144722,2
821217,2
457259,1
39408,-1
464147,-1
693720,1
401381,2
382649,2
327761,1
999519,-1
109855,2
139161,2
573474,-1
276329,0
191012,1
338409,2
598434,0
318459,1
285434,1
296356,0
162435,1
476311,0
603693,1
909464,2
183481,0
749966,1
642063,-1
191936,1
516300,1
201656,2
689131,0
210664,0
715905,0
546018,2
316131,1
780104,1
941293,2
966698,-1
331959,1
675148,2
495010,-1
785573,1
992003,0
292482,0
316399,-1
207963,2
915900,1
656892,0
295105,0
36492,2
597849,2
473441,2
576935,1
840716,-1
777967,1
974517,0
832211,0
423131,-1
836914,2
82167,-1
969815,0
804703,1
457817,2
685085,-1
646257,-1
624130,-1
582559,-1
423169,0
657337,0
88960,0
269970,-1
105374,2
482268,2
782859,0
592629,2
336497,0
57312,-1
402798,-1
324231,0
58998,2
922240,-1
724277,1
122922,1
592514,2
77165,0
468630,1
621373,2
398635,1
559697,-1
214414,2
619976,-1
455298,-1
660578,0
643036,0
913457,-1
287368,0
813930,2
307025,1
551415,1
689333,-1
611269,0
935392,2
897868,1
236645,0
77481,2
618553,2
633595,0
655062,1
699074,2
195308,-1
595210,1
945743,0
191854,2
987819,-1
397016,-1
308507,1
43551,2
240695,0
286168,-1
915509,1
869683,-1
295238,0
273952,1
584394,1
195900,0
715663,2
851063,1
393719,1
285491,1
474768,2
988237,-1
422929,1
531642,2
245695,2
879694,1
420847,1
442565,1
232430,-1
398214,2
394365,-1
426338,2
330020,0
785007,2
972338,2
942593,0
961346,0
764846,0
669522,0
319959,2
181107,1
408404,1
523048,-1
101999,-1
172983,1
671524,2
849739,-1
346827,1
476615,1
895125,0
92275,1
784034,1
463466,2
541545,2
229217,1
486638,2
318073,1
238027,0
123946,-1
926635,2
957341,2
331416,0
912415,1
737710,-1
123939,0
197071,-1
355991,0
939791,-1
35780,1
238540,2
578043,2
559830,1
663080,-1
637989,0
609853,-1
688250,2
573526,0
122197,2
698843,2
978695,-1
276003,0
180966,0
640355,2
528396,1
838575,1
224086,2
25107,0
941017,2
83294,0
488157,1
280143,1
234739,2
580721,0
907765,0
556068,1
212700,2
353721,2
675982,1
339284,0
191301,2
168885,2
732303,0
793043,-1
699639,-1
312517,0
352208,-1
266989,2
901063,0
675882,1
320560,2
245351,2
522325,2
703585,1
641049,1
45110,2
414797,2
269667,0
242813,1
367599,2
654104,1
894232,-1
287449,-1
573969,2
573083,2
543358,2
672556,0
761778,2
790474,0
576012,2
391509,2
766952,2
37858,2
703952,2
840146,0
317102,2
663313,0
350256,2
302864,2
950748,2
559829,2
316929,0
885671,0
926884,2
151033,-1
956089,0
578319,2
502372,2
55085,0
844569,1
657020,0
327419,1
774068,1
215327,2
53274,2
165384,2
216655,2
895964,0
658815,2
392139,1
303725,1
95260,1
29266,2
941438,0
786762,1
687815,2
58178,1
892211,1
38872,1
6715,-1
115420,-1
564035,2
655450,-1
536531,2
558684,-1
521553,0
702061,1
270836,2
579324,0
186889,0
813889,2
864478,2
879657,2
748146,-1
273325,0
52520,-1
620251,0
967986,2
255772,2
124459,1
778658,1
730026,-1
524315,1
808795,1
410560,-1
736913,2
585868,2
860621,-1
911013,0
350251,2
583294,1
237397,2
810871,2
302920,1
826197,-1
552138,1
948170,2
734002,0
381149,0
87066,2
393025,1
242100,2
73720,1
248576,2
757481,-1
949825,1
122392,1
454520,-1
246599,-1
587755,2
696011,2
702158,1
577157,0
779146,-1
361064,-1
568478,2
293138,2
886852,1
641390,2
309204,2
861978,-1
65678,0
37161,2
44459,0
212306,1
15931,2
839468,0
206409,1
80465,1
902010,1
184219,0
45607,1
337771,1
89645,1
414134,-1
357355,2
783782,2
537334,2
818133,-1
314957,2
793240,2
903549,-1
505388,1
903516,0
830608,1
708649,0
699265,-1
199279,2
423050,1
84479,0
692437,0
511157,0
134111,0
457774,2
444789,1
28139,0
532892,0
896668,0
807831,0
566437,2
122276,1
330625,1
459982,2
37020,-1
248792,2
67871,1
818267,2
899530,1
598012,2
105391,0
734981,-1
194458,1
525857,1
299185,2
303968,1
623420,2
491902,0
405671,1
283285,2
314315,-1
342649,0
811594,1
877953,-1
250020,2
482420,2
811970,1
410045,1
768287,0
10140,2
381026,1
824589,-1
566239,0
168376,0
925405,1
175224,2
761939,0
701364,2
634818,0
691110,1
386807,2
885006,2
486755,2
335914,0
961423,2
48070,1
86376,0
857017,1
70184,-1
808139,2
348386,0
924242,2
686843,-1
49160,2
302490,-1
183669,2
945556,-1
664348,2
556462,2
643411,2
428375,1
855864,1
566490,-1
830535,2
382,-1
373785,1
734921,1
171713,0
556800,1
88973,-1
658337,-1
4709,1
877084,2
445620,0
270537,1
703375,0
46873,0
899754,1
795861,-1
812551,0
535591,2
80055,0
570775,1
607294,0
346257,-1
834872,1
214043,1
613413,0
1960,1
591346,-1
716050,0
449744,2
746121,0
576177,0
742262,0
603256,-1
995594,0
491003,1
258024,1
132811,2
739061,0
515952,1
622935,2
448716,2
357570,1
459647,2
694067,2
342342,0
458106,1
943571,1
592617,-1
847809,0
676499,2
393921,-1
307201,2
814178,2
33055,0
316616,-1
246745,2
28308,0
793207,0
334667,1
805610,1
747215,-1
124201,-1
360821,2
461119,0
301741,-1
491775,0
930852,-1
208706,0
54869,0
62066,0
10993,-1
629210,2
483522,-1
810782,2
801097,0
117955,0
857587,-1
756775,0
886329,1
629213,2
130697,1
412538,-1
34139,0
149935,1
813785,2
74650,1
465837,2
353152,1
331104,1
56069,1
723413,1
243069,2
482844,0
516277,2
634035,2
331193,2
474759,2
488620,2
839352,0
391234,2
313648,2
659109,0
662221,-1
296437,2
193971,2
787920,0
535511,2
769581,2
349431,2
929265,1
795123,0
155398,0
725497,0
235678,1
369892,1
989976,0
685160,1
345451,2
875429,1
588854,0
398409,1
142668,1
868078,0
449764,2
194389,2
465891,0
861701,-1
668682,0
859322,0
397319,-1
662170,2
447574,1
550614,2
434903,2
939644,0
629964,1
822224,0
372060,1
575133,2
996535,2
627536,-1
773818,-1
943559,0
910094,-1
40552,0
949845,0
893456,1
799680,1
478024,1
249709,2
815643,0
10542,0
313029,0
551318,1
682768,1
541054,2
921977,2
40585,2
2551,0
3449,2
306708,-1
33638,0
340490,-1
371368,2
403307,2
443723,0
917808,0
109773,-1
964844,2
875387,0
807641,-1
190559,-1
929097,0
216996,-1
305367,1
560286,-1
643108,0
991972,-1
65425,0
336322,1
126840,1
66121,1
619287,1
124378,1
587313,2
447439,1
699344,1
700265,2
201084,1
787460,1
772476,-1
999493,1
649075,-1
754715,2
20118,0
606310,0
629888,2
138102,2
966636,1
260253,1
837801,0
411449,1
46829,2
422748,-1
703922,2
329328,1
604545,0
194969,0
386862,-1
778479,2
25665,-1
587685,1
154455,0
810205,1
429754,1
497142,0
332117,1
689977,2
15344,-1
348067,1
445232,-1
110434,1
23501,2
745898,1
348993,2
86112,-1
847851,1
609103,1
839077,0
257291,1
529894,1
589853,2
916547,1
479855,-1
715783,2
764927,0
784447,0
862004,0
788502,2
905470,2
59972,1
558929,2
749131,2
33039,2
692983,1
456800,-1
167743,0
206677,1
76347,1
975857,2
900572,1
776019,2
315754,1
618247,1
854472,2
767416,2
824297,0
226628,2
384950,-1
470743,1
628227,0
569901,2
183605,2
39796,0
967810,2
842975,2
829262,0
43283,0
263778,0
544747,-1
160865,0
870306,2
317941,2
242541,1
264786,0
502689,-1
175518,0
966995,1
58075,0
936594,1
945413,0
956383,2
796714,1
994587,1
855668,-1
632029,1
99436,-1
498187,1
459281,2
314913,0
343021,1
761759,1
9180,-1
118420,2
144978,2
259239,1
597539,1
803311,0
678530,1
738379,-1
784916,2
723261,2
520511,2
318150,2
347280,2
658258,1
834309,2
742929,0
957353,2
892508,2
629115,1
45783,0
374554,2
533692,2
239498,1
31211,2
236762,-1
499387,2
372368,0
264138,0
76328,-1
114951,1
814831,-1
268297,-1
87226,2
145525,2
742467,0
733277,-1
556429,-1
984662,1
863695,2
718856,2
556202,0
458662,0
4008,1
65794,1
308686,2
77619,2
986237,1
536921,1
327880,2
519276,1
344602,1
369696,-1
183392,0
21776,0
103782,1
395442,2
528923,1
203021,2
210803,2
244909,2
201132,-1
333838,-1
242928,1
549548,-1
971087,-1
198173,2
507787,2
744350,2
989276,2
464956,1
825104,1
893902,2
790917,0
939067,-1
44875,1
725908,2
162327,0
857432,1
512973,1
665155,1
481258,1
101492,2
282384,1
563804,-1
380930,-1
63274,2
796774,1
642040,1
500526,1
671048,-1
486218,1
511422,-1
165759,0
645301,1
710223,-1
990571,2
569637,0
721243,0
548509,1
274643,1
695145,-1
255777,-1
593154,0
502769,2
599372,0
579198,-1
174276,1
952316,2
146567,2
519007,2
497620,0
83071,2
316882,1
441233,1
534393,1
313809,1
515011,-1
53376,0
449332,2
358684,0
910878,-1
683328,-1
632209,1
63394,2
258494,2
17146,0
113406,0
791872,-1
30382,2
468651,-1
807521,1
844696,2
37056,2
697676,2
108031,0
863487,-1
550647,1
872306,2
368994,2
987129,0
293586,0
659119,0
489550,0
688476,2
557113,0
458344,0
343594,0
423020,0
3462,1
256331,2
182779,1
726997,0
839310,1
366691,0
793782,1
761451,2
529987,0
880139,1
907108,2
95023,2
340565,2
313583,1
91110,-1
674536,0
725981,2
791988,0
10750,2
70886,-1
568043,0
148204,2
955877,1
710384,-1
700357,0
403622,2
379890,1
214790,0
673915,2
599658,1
514363,1
12212,1
37585,1
269742,2
561455,2
233339,2
734564,1
152162,2
652743,2
842866,2
829108,1
427747,1
385763,0
867962,1
584277,0
977469,0
4565,2
596205,-1
106146,2
194447,1
935981,2
382689,2
877209,0
951367,1
886593,-1
413497,1
168716,2
779455,2
209806,-1
556990,1
55922,1
393562,2
980856,1
921808,1
463431,1
574520,1
116121,0
43620,0
941858,2
977028,0
127189,-1
997627,1
146296,2
68755,2
969351,1
666496,-1
742828,1
594821,2
248163,1
212783,2
530408,-1
271077,2
29116,-1
97327,2
103934,1
5281,-1
966764,1
833394,2
769034,2
427885,0
101015,-1
135053,2
445073,2
594718,0
485337,0
652031,-1
295823,2
898107,0
621822,-1
593768,1
724899,0
87739,-1
830073,-1
142961,1
61106,1
221043,2
696913,0
295268,2
753928,0
649950,0
238297,2
265204,-1
19559,2
305511,1
992050,1
346418,1
82564,1
212312,1
150821,2
680282,1
711087,0
883893,1
360801,0
578270,2
788765,2
684593,2
177297,1
658714,1
946725,2
935871,0
453781,-1
370318,1
702503,-1
278400,2
944133,2
647470,1
475065,1
592615,2
579070,-1
134505,2
642708,2
167603,2
555272,1
743195,0
959807,0
217024,-1
443267,1
397017,1
596814,1
533952,2
800696,0
112363,2
988128,-1
759592,-1
684206,-1
159362,2
246328,1
304396,2
54264,1
908329,1
849716,2
424570,1
133226,2
624182,2
847038,1
534999,1
514432,-1
489534,1
417355,2
714692,-1
250868,2
192977,1
645212,0
903171,2
214224,-1
332795,0
230188,0
957788,0
102140,2
574414,0
471592,0
782767,2
151657,2
324578,-1
999173,1
741669,-1
934059,1
219327,1
640084,2
865195,1
577052,0
507163,0
408984,2
639773,1
479385,0
169503,1
110462,0
251179,1
969955,1
933588,2
365700,0
267452,1
797195,2
280489,0
149414,-1
942202,0
603517,1
326443,2
292224,0
521526,1
960021,1
806425,1
231162,2
568815,0
966665,0
360405,0
495872,1
320667,2
66860,2
581466,2
248539,0
108857,2
644838,0
474280,2
787055,-1
277933,1
273967,-1
556307,1
807648,0
51870,0
94877,0
116574,2
399562,1
730487,1
951265,0
926505,-1
170438,2
372720,-1
591257,2
165101,2
152577,2
288444,1
57552,2
643771,1
958204,1
320134,0
210202,2
120685,-1
326563,1
265061,-1
764221,0
177961,0
106628,2
282903,1
981255,-1
697050,0
699241,1
646970,1
695251,0
832086,-1
152329,2
561889,-1
590212,1
914020,-1
675260,2
307271,0
738307,-1
670025,1
140016,-1
973171,2
732909,-1
153191,1
716583,-1
422296,-1
293089,1
134300,2
892921,2
465699,0
609512,2
580483,2
176298,2
884073,1
172648,-1
395722,2
351392,-1
721553,2
681784,2
385663,1
844602,-1
888673,2
976202,0
846688,2
954728,2
618950,0
762599,0
539961,1
550361,2
407571,0
656096,2
378318,1
967793,-1
75392,1
177800,1
408225,1
680118,2
297379,2
527068,0
434966,1
900632,2
130158,0
341406,1
522679,2
483207,2
221942,-1
587012,2
441095,1
536195,0
43396,2
991333,1
542338,-1
966161,1
209660,0
653577,0
357971,-1
407024,0
94220,0
638817,1
194215,-1
856259,0
614917,0
621121,1
278551,1
106543,2
637263,2
868154,0
928749,-1
311979,1
299209,-1
838786,-1
740050,2
618306,2
125116,1
943217,0
556335,-1
522328,-1
708449,1
76467,2
713495,2
317157,-1
874864,2
769447,2
723661,1
169776,2
341817,-1
279315,2
56671,1
586033,-1
424489,1
670559,1
813882,1
743424,0
998561,0
35843,0
148459,2
141814,0
899926,2
66867,0
249425,0
827222,1
933298,2
717876,0
76495,-1
170533,0
278,-1
614316,1
215952,0
486044,2
565883,1
333596,2
774118,2
759320,0
729321,1
734928,2
996973,0
263240,0
967543,1
88271,0
51682,2
765829,-1
526501,-1
538022,1
464819,0
743385,1
352378,-1
896685,0
344913,1
103328,2
317955,2
323535,1
884118,0
907600,2
319388,0
94543,-1
906238,0
166594,1
498008,2
20718,1
137232,-1
576299,1
213588,2
745401,2
490678,1
407623,1
57607,-1
874698,-1
708834,2
698181,-1
789444,0
846358,0
726457,-1
721486,2
85593,1
612031,2
338459,1
11187,2
64779,-1
257851,1
222681,2
85769,2
491695,2
69652,2
978637,2
194315,0
842272,-1
566358,1
836624,0
896889,2
928128,1
32619,2
4454,0
300730,1
462746,2
18230,2
762818,2
786587,1
709164,2
310079,1
300903,1
311755,2
52324,1
756349,2
360063,2
679442,0
121576,0
491908,2
660702,-1
728978,-1
849682,1
548683,-1
277746,0
912506,2
261231,-1
481398,-1
529619,-1
864134,1
764226,2
257799,2
366010,0
578643,2
857669,2
478994,-1
673788,2
836471,1
5195,2
744071,2
819993,-1
105033,2
577219,0
451731,2
839701,2
873740,2
103273,-1
829729,0
687709,1
975580,2
992939,0
755969,2
425274,0
449925,0
673834,0
242524,2
699239,0
964461,-1
189638,2
440494,2
286814,1
947754,1
611158,2
930418,2
881582,0
321503,-1
978268,1
90863,-1
461856,2
159752,2
893413,1
97582,2
70433,0
54251,-1
202195,1
410018,2
505784,-1
273223,1
886247,1
938271,0
943867,0
131809,1
617622,-1
377222,-1
477261,0
640045,1
965900,2
19444,1
359565,1
608805,2
232495,1
123701,2
817217,-1
635161,0
247020,-1
617451,2
938781,2
30759,2
705452,1
349996,1
119394,-1
896443,2
719233,2
607289,1
303795,0
123568,2
287032,-1
914400,-1
24611,2
441152,2
100465,1
257636,2
587932,1
323729,-1
50830,2
599546,2
552116,1
878865,2
494211,1
803869,1
882581,2
535734,2
995446,2
318172,1
51166,2
801017,0
447285,1
735991,-1
100505,1
72085,0
844827,1
204185,-1
135358,2
265254,1
426503,-1
226392,2
829793,2
822833,0
613321,1
789678,0
167452,0
134392,0
761645,2
265477,-1
456308,-1
928781,-1
488311,2
637257,1
398134,2
291255,2
636686,1
691251,2
717856,1
921344,0
16525,0
738565,0
114799,0
64363,-1
349755,0
709627,0
896596,0
126674,2
20322,2
344127,-1
380343,1
431495,2
666836,0
979256,-1
522596,-1
922437,2
936407,2
177547,0
854940,2
219086,1
285478,2
376394,1
278668,2
803944,0
919590,2
671551,1
944137,0
794925,0
756835,1
485914,2
60176,1
45335,2
155423,-1
777221,2
302729,1
270476,1
564907,-1
868071,0
511137,2
765166,0
686589,0
179460,1
979548,2
161158,1
122086,1
242717,0
820265,2
301262,2
548778,0
50847,2
816109,1
529955,2
223003,-1
306003,-1
670436,-1
927913,0
797806,2
518697,1
320211,1
312148,2
703919,1
951694,-1
78201,1
178353,1
856674,2
88796,1
763171,1
961797,0
331941,2
61059,1
228395,1
906839,2
796076,0
550181,2
584668,-1
858574,2
397634,1
774584,0
376780,2
571842,1
598952,-1
251053,2
156160,2
209792,0
623700,1
386349,0
975607,1
710461,2
414286,-1
504386,1
615210,2
686504,0
201360,1
477876,2
857523,1
65576,0
311290,0
354703,2
713717,0
3484,1
333986,-1
433077,1
987845,0
487343,0
389631,0
349078,2
110116,0
853938,2
280471,2
528472,-1
148108,1
344553,0
916759,1
259516,2
961234,1
423634,-1
857805,2
397365,2
857555,1
989563,2
288858,2
29623,1
296324,1
195452,1
89006,-1
685999,2
953360,1
398016,-1
23380,0
858247,1
251406,2
892567,-1
544308,0
736038,-1
788588,2
422746,2
839256,0
151320,0
306785,2
847300,-1
992698,0
659398,0
147593,2
145217,0
223963,1
810561,2
291291,-1
703836,2
211575,-1
238579,2
210624,-1
819555,1
558154,0
592357,0
276482,2
673932,2
995721,1
592147,1
773618,2
684165,2
350641,0
87764,1
272814,2
435767,-1
62657,0
296443,0
263147,1
671827,1
928178,1
467586,-1
755440,2
254496,-1
460932,0
147670,1
569718,1
643831,1
886969,-1
232075,0
109532,0
468568,1
4936,1
203154,1
27673,2
129667,1
98126,0
279960,-1
417611,-1
179502,1
649846,-1
972392,1
690263,2
844854,2
64801,1
725765,0
500151,2
137665,0
327170,2
737240,2
835581,1
975161,1
76414,1
957883,2
946476,2
933294,1
854047,-1
117233,1
270551,1
65083,-1
202684,0
64863,-1
390621,1
149562,0
292543,2
263451,0
40122,0
573893,1
774671,2
879851,-1
86848,-1
397160,1
475194,0
637080,2
740039,2
925132,0
629995,1
687834,-1
869772,2
762016,0
926397,1
647788,-1
562390,1
535086,0
424682,2
877815,2
696873,1
475889,-1
31358,2
378750,-1
444206,2
608581,1
728954,1
957113,-1
801794,0
518225,2
358103,1
680249,-1
330131,0
639079,2
568837,0
674514,0
408712,0
751683,0
83788,2
870105,-1
506017,0
990787,0
249793,0
500428,-1
474046,0
285709,1
738823,1
713163,2
254402,0
784922,2
172957,2
152465,2
808051,1
485595,-1
907857,2
976351,1
890487,2
22342,-1
793794,2
397069,2
696234,1
446222,-1
421398,2
133429,2
906252,2
414092,2
921186,0
73317,0
750866,1
404488,0
217262,1
82084,0
178765,0
856902,1
128311,-1
28674,-1
622104,-1
530054,2
381560,1
98355,1
740344,1
138808,2
170089,1
226215,-1
423833,0
369913,2
95896,2
97840,-1
89084,-1
239009,0
366412,2
851148,1
474593,1
633845,0
51545,2
278633,-1
39361,2
221510,2
66321,2
66661,0
613615,1
942704,2
15587,1
353103,0
271735,0
159461,2
807877,2
934854,2
409387,-1
203644,-1
635192,0
772176,2
227248,-1
319106,0
128668,-1
731220,2
311826,1
808440,1
615105,0
723926,2
582734,0
520223,1
858352,2
606234,1
276096,0
254986,1
381775,-1
592526,1
230347,-1
61228,-1
819339,1
995982,0
727863,-1
186751,2
964719,2
125624,0
344973,2
949789,1
599330,2
265518,1
298147,0
226325,2
239874,-1
301650,0
157290,1
345248,1
137668,-1
387140,0
393316,-1
940665,-1
206952,2
541428,0
886796,2
546374,-1
922849,0
857364,-1
528773,2
348027,1
534413,-1
447525,0
607037,1
136714,2
698954,0
496231,0
112559,1
746719,1
56423,2
111610,-1
59106,1
324423,-1
903495,0
522578,2
330418,0
170036,2
811734,1
336133,2
61446,1
286684,2
86718,-1
378434,2
95056,1
157217,0
678843,1
131307,1
531053,-1
947694,1
759959,1
976235,1
772212,2
869188,2
7256,0
910026,0
970748,1
960297,2
487259,0
2648,1
93493,2
320569,2
435902,0
24812,-1
709950,-1
191870,1
544288,1
599634,0
948396,2
628855,-1
219705,2
76369,2
209707,-1
529193,-1
488505,0
649995,1
328227,-1
734220,2
569724,0
617157,1
835618,2
497694,1
6641,-1
791125,2
479666,-1
232716,0
786460,0
492966,0
885363,2
346906,0
295934,-1
650486,0
958263,2
939823,1
69802,1
264749,0
744004,-1
903111,1
464048,2
353129,0
781817,2
105244,1
899313,0
421940,0
651955,0
966826,2
277192,2
557101,1
16077,2
788753,1
636671,-1
209113,2
17873,2
263873,1
818047,0
274518,-1
137245,2
210901,2
452172,0
814366,2
212158,2
90901,1
143454,-1
761556,1
505773,2
601972,-1
74231,0
815985,2
481732,2
627871,1
594469,1
350756,1
269893,2
6511,0
436306,2
780075,2
143536,0
635339,-1
904919,2
775083,2
201705,1
71322,0
718755,0
355397,2
7480,1
676361,2
27930,2
689435,2
6365,2
117872,1
303319,2
758069,-1
519052,2
173245,2
906749,2
9631,1
186664,0
818801,1
610128,2
200984,1
946451,2
588728,-1
132012,2
746803,-1
684358,0
180750,-1
997932,1
291282,2
865532,2
937154,0
272540,0
28014,-1
54105,-1
677318,2
142298,0
546152,1
131990,2
930247,1
405814,1
849259,2
970178,2
775969,1
251906,0
209894,2
82633,-1
216329,1
147245,2
375068,1
432029,-1
681008,0
985356,0
83642,-1
924379,2
474657,2
966145,0
943890,1
226367,-1
60192,2
893971,0
418543,2
13358,1
520619,0
321598,0
741056,1
936461,2
143146,-1
535965,1
281202,2
165837,2
613580,0
446237,1
897909,0
35072,2
334267,0
150295,0
414005,2
691449,-1
586333,2
805955,2
994946,1
535234,-1
990339,1
245539,-1
142285,1
471258,-1
181421,2
804056,2
250453,2
422794,2
896160,2
493299,2
579107,1
853420,1
661565,2
373413,0
962094,1
41812,2
504594,1
507593,0
210061,2
287454,1
536194,-1
814693,-1
400723,0
397613,0
609991,0
343360,2
519580,0
631971,1
468411,0
239916,0
937873,-1
562422,-1
422498,1
88056,2
370179,1
729780,1
758644,2
965567,1
327049,2
973414,1
109041,1
457236,0
703005,2
666461,2
200379,2
800041,-1
645036,0
888342,-1
308411,0
896890,2
346042,0
211349,2
719119,2
599794,0
710238,2
654615,1
744157,2
68991,0
62494,1
119981,-1
858023,-1
470649,0
824428,2
499614,1
382254,1
927245,2
63744,1
175662,1
808354,0
859015,2
22385,2
245056,2
237976,0
884803,1
107153,2
467496,1
935108,0
835385,0
345228,2
656751,1
64369,1
822812,-1
893774,1
300949,1
368266,1
762993,2
364409,0
165076,2
845006,2
482039,2
934736,1
964388,1
57305,2
955294,1
64942,1
339722,0
804326,0
196186,1
945210,0
910005,1
256047,2
684487,0
596984,1
100902,1
555448,2
972459,1
925684,-1
331377,2
326789,0
649869,1
447927,2
162757,1
121988,-1
876900,2
428436,2
980099,1
469400,2
69303,2
901450,-1
469091,-1
107745,-1
759608,1
105104,0
937094,2
505536,2
166852,0
955751,2
297133,1
840457,0
246498,0
453796,0
752359,2
680137,-1
651615,2
34294,2
566577,1
546774,2
672130,2
180963,1
894127,2
818501,1
57049,-1
480533,1
249370,1
175803,0
390055,1
797992,2
720945,2
538702,2
526631,-1
233659,2
288602,2
810965,2
111100,2
528758,2
564829,2
538223,2
39918,1
128542,0
110687,1
198596,0
64585,-1
586728,1
223741,0
753397,2
290174,-1
542214,2
372837,2
288012,2
94780,1
964126,0
869801,2
366133,1
702070,1
407850,2
681790,-1
528548,1
830318,1
720943,2
355391,2
910133,0
644426,-1
892393,2
147139,0
242092,2
337513,-1
442543,1
331242,2
697685,2
238142,2
639271,1
390876,2
892822,0
368716,2
391611,2
26366,0
830437,1
213126,2
421994,1
585939,0
475433,-1
481193,1
388001,-1
721285,2
395050,0
577469,0
211607,2
574907,2
805807,1
661405,1
767832,2
851400,2
726350,0
826614,0
821952,1
468095,-1
225454,1
937705,1
346504,2
372790,1
715616,2
281080,1
361431,0
434867,1
425309,0
698813,2
615023,1
641,1
937551,1
133842,1
252814,-1
575434,2
242013,2
206664,-1
399851,0
104630,2
237325,2
814076,2
438092,1
902087,2
845881,0
93753,2
746802,1
545644,2
494858,-1
744232,0
518375,0
673188,0
650394,-1
579240,1
283548,-1
964677,1
733088,0
795451,1
189822,1
554376,2
83587,2
77193,2
802848,2
258627,1
665792,0
322201,0
23535,2
630135,1
848949,1
802178,2
203862,1
239658,1
456223,0
586979,-1
474632,0
651329,0
889489,2
725388,1
477844,-1
376894,2
402248,1
310164,0
130849,1
374093,0
481749,-1
463808,0
288000,0
845217,0
757316,0
262230,1
167856,-1
215975,2
182510,2
396184,-1
449083,1
627919,1
944107,1
314291,-1
907344,0
380697,1
374602,0
568728,-1
32358,1
358751,2
601169,2
563515,2
825374,1
401164,-1
269512,2
736903,-1
665185,2
703493,1
649176,0
89747,1
801434,2
750936,2
62996,1
197941,0
931726,2
999411,1
166179,-1
415347,1
703334,1
535633,1
848046,0
26885,-1
656503,2
876235,1
253058,2
335901,-1
486930,0
519709,1
751553,1
15916,0
876083,1
549489,0
484787,0
339205,2
293922,1
716370,2
121979,1
355364,-1
652890,1
736209,1
506571,-1
874194,1
24852,0
960566,0
932863,1
329246,2
339552,1
175017,1
605037,1
910328,-1
379922,2
620027,2
798220,1
378654,1
90310,1
660044,2
143190,2
350310,1
743542,2
66186,2
772331,1
205514,2
743938,1
534691,0
52110,0
179889,-1
921175,1
516392,2
967962,2
8838,-1
192236,2
212983,0
203985,0
710768,0
524220,0
750797,0
964888,-1
969489,2
178619,-1
704138,-1
132174,1
46263,-1
817449,1
870810,1
233755,0
609080,0
981674,0
417942,1
992917,1
84796,2
346872,0
631393,1
340881,1
216823,1
182348,1
567946,0
141268,1
684612,2
687469,0
702863,0
286035,1
284067,0
458157,-1
834117,1
255010,2
797499,2
646377,2
940776,1
195519,2
993798,-1
364112,1
197836,0
245546,2
365759,2
896324,2
351010,-1
502504,2
332354,1
484950,2
37265,2
202025,-1
886374,1
180486,1
687405,-1
298447,-1
9338,-1
982971,0
328782,2
208788,-1
477780,0
941588,1
576611,0
947570,0
997910,0
74986,1
496365,0
502482,2
961810,-1
94242,2
183339,2
780613,-1
658499,1
144485,2
485804,-1
265961,2
974437,1
430035,1
906357,1
327332,-1
460921,1
493471,-1
16241,1
58712,-1
816270,2
910551,2
771337,-1
573204,-1
367907,0
372518,0
639437,0
474666,2
648482,1
143860,2
114275,2
358451,1
576988,0
346022,1
533375,1
887942,0
643526,1
435200,1
73621,0
430733,2
187712,1
216777,2
236330,1
615817,2
279661,2
515797,1
846929,0
927705,1
337882,0
651214,0
751056,-1
248125,2
659759,-1
44797,1
798117,1
638313,0
204555,2
540417,-1
352057,-1
799088,-1
934720,-1
529609,-1
358662,2
704245,0
932974,1
531048,1
71743,2
767345,-1
530839,2
815047,2
128752,-1
39654,1
132905,1
116459,2
165532,2
502758,-1
284295,0
29769,1
818671,0
201465,2
663088,-1
184683,2
281280,1
496917,0
229445,2
906993,0
734003,1
970888,-1
75892,-1
829171,1
487955,2
127968,2
274632,-1
731069,2
221632,-1
769168,2
641285,-1
454883,0
821566,0
314629,1
82988,0
696785,2
797805,0
525201,1
599152,0
466357,1
191679,-1
777617,1
3581,2
176471,2
188510,2
852019,2
687573,1
1499,1
687976,1
815050,1
670948,-1
321255,1
683149,2
157906,0
723426,0
977979,1
693058,1
917095,2
197950,2
812383,0
122505,1
913830,0
286098,-1
76092,1
544534,1
370160,0
527515,-1
617472,2
177127,2
173098,-1
328325,0
443275,2
662169,2
745784,2
877890,-1
129486,0
57431,2
184494,2
653677,1
77414,0
766841,2
340443,2
331063,1
560136,2
791454,1
804182,0
996054,1
997577,2
678955,2
146227,2
299148,2
964213,2
703910,2
651805,2
360112,2
554929,0
460850,-1
266567,1
988459,0
54960,2
262128,-1
390911,-1
663234,2
207607,0
166012,2
215025,0
819232,0
738464,0
152114,2
812759,-1
249602,2
802862,2
713304,1
577367,-1
491349,2
652650,0
967930,2
900531,-1
869994,0
677812,1
576783,1
401607,2
935016,1
743175,-1
966359,1
208243,0
332009,0
486157,1
343615,2
462164,-1
407405,2
931719,1
642445,0
940529,-1
693850,2
846956,1
999669,1
256463,0
37534,0
930321,1
495749,2
363368,-1
482774,2
968706,2
984473,1
537348,1
511380,0
74611,0
714843,1
83398,-1
953071,2
644182,0
636836,-1
591233,2
479785,1
366080,1
86880,0
285987,-1
560727,0
248082,0
53406,1
152769,1
953075,0
798231,1
596716,2
496433,2
68652,1
415102,2
247580,1
739680,1
467608,0
120848,0
799462,0
580292,0
943835,1
990402,-1
955360,2
947963,2
784748,0
502914,1
365296,2
158992,2
471246,2
345671,2
687199,1
321723,0
174439,1
442391,0
750827,2
171801,1
165677,-1
563428,0
464821,1
116432,1
204331,2
644706,0
305351,2
731500,2
17208,0
19337,0
8755,0
133797,2
255140,0
627021,0
914045,1
763365,2
655183,2
773911,0
411123,1
125139,1
647348,-1
335490,1
660005,2
612647,0
53118,0
402290,0
954816,0
285572,2
682172,1
229711,2
17840,1
959088,-1
638708,1
940588,1
288271,2
961513,2
46205,-1
27319,2
634943,2
895714,-1
875167,1
78329,0
867455,0
470892,1
